[{"model": "contenttypes.contenttype", "fields": {"app_label": "admin", "model": "logentry"}}, {"model": "contenttypes.contenttype", "fields": {"app_label": "auth", "model": "permission"}}, {"model": "contenttypes.contenttype", "fields": {"app_label": "auth", "model": "group"}}, {"model": "contenttypes.contenttype", "fields": {"app_label": "contenttypes", "model": "contenttype"}}, {"model": "contenttypes.contenttype", "fields": {"app_label": "sessions", "model": "session"}}, {"model": "contenttypes.contenttype", "fields": {"app_label": "general_store", "model": "category"}}, {"model": "contenttypes.contenttype", "fields": {"app_label": "general_store", "model": "product"}}, {"model": "contenttypes.contenttype", "fields": {"app_label": "general_store", "model": "customer"}}, {"model": "contenttypes.contenttype", "fields": {"app_label": "general_store", "model": "sale"}}, {"model": "contenttypes.contenttype", "fields": {"app_label": "general_store", "model": "saleitem"}}, {"model": "contenttypes.contenttype", "fields": {"app_label": "general_store", "model": "bankbalance"}}, {"model": "contenttypes.contenttype", "fields": {"app_label": "general_store", "model": "cashbookentry"}}, {"model": "contenttypes.contenttype", "fields": {"app_label": "general_store", "model": "investment"}}, {"model": "contenttypes.contenttype", "fields": {"app_label": "general_store", "model": "expense"}}, {"model": "contenttypes.contenttype", "fields": {"app_label": "milk_agency", "model": "customer"}}, {"model": "contenttypes.contenttype", "fields": {"app_label": "milk_agency", "model": "company"}}, {"model": "contenttypes.contenttype", "fields": {"app_label": "milk_agency", "model": "item"}}, {"model": "contenttypes.contenttype", "fields": {"app_label": "milk_agency", "model": "bill"}}, {"model": "contenttypes.contenttype", "fields": {"app_label": "milk_agency", "model": "billitem"}}, {"model": "contenttypes.contenttype", "fields": {"app_label": "milk_agency", "model": "bankbalance"}}, {"model": "contenttypes.contenttype", "fields": {"app_label": "milk_agency", "model": "cashbookentry"}}, {"model": "contenttypes.contenttype", "fields": {"app_label": "milk_agency", "model": "dailypayment"}}, {"model": "contenttypes.contenttype", "fields": {"app_label": "milk_agency", "model": "monthlypaymentsummary"}}, {"model": "contenttypes.contenttype", "fields": {"app_label": "milk_agency", "model": "dailysalessummary"}}, {"model": "contenttypes.contenttype", "fields": {"app_label": "milk_agency", "model": "customermonthlycommission"}}, {"model": "contenttypes.contenttype", "fields": {"app_label": "milk_agency", "model": "expense"}}, {"model": "contenttypes.contenttype", "fields": {"app_label": "milk_agency", "model": "contact"}}, {"model": "contenttypes.contenttype", "fields": {"app_label": "milk_agency", "model": "customerpayment"}}, {"model": "contenttypes.contenttype", "fields": {"app_label": "customer_portal", "model": "customerorder"}}, {"model": "contenttypes.contenttype", "fields": {"app_label": "customer_portal", "model": "customerorderitem"}}, {"model": "contenttypes.contenttype", "fields": {"app_label": "authtoken", "model": "token"}}, {"model": "contenttypes.contenttype", "fields": {"app_label": "authtoken", "model": "tokenproxy"}}, {"model": "sessions.session", "pk": "l2pegf4bay3ucmdw01iyvfwv8vkk7out", "fields": {"session_data": ".eJxVjEEOwiAQRe_C2jQFJqW41IOQYRgCUakpsGq8u23ShW7f-_9twmFvyfXKq8tBXIUUl1_mkR5cDkG9tuW1o_eyNnwOx4ZLy4QtL2W4n_p2Hv4qCWvaE3MYoyIrIUYFFqJir-1kZ2APUgEGRXoCjAYMaaml8RytkWPwzEjGiM8XnSw7Ag:1vb22H:mGQXNJejRDrWGXp486OSSuspdDawGAcridf_UN17mw4", "expire_date": "2026-01-14T19:39:09.415Z"}}, {"model": "sessions.session", "pk": "t5v9xcixdlid9sabuesab9elsu7ti6lk", "fields": {"session_data": ".eJxVjEEOwiAQRe_C2jQFJqW41IOQYRgCUakpsGq8u23ShW7f-_9twmFvyfXKq8tBXIUUl1_mkR5cDkG9tuW1o_eyNnwOx4ZLy4QtL2W4n_p2Hv4qCWvaE3MYoyIrIUYFFqJir-1kZ2APUgEGRXoCjAYMaaml8RytkWPwzEjGiM8XnSw7Ag:1vb6rZ:uMVImJEmcY4B34v0CwjaHAP7gno50D8A4zOedO694VU", "expire_date": "2026-01-15T00:48:25.866Z"}}, {"model": "milk_agency.company", "pk": 1, "fields": {"name": "Dodla", "logo": "company_logos/logo_1.png", "website_link": "https://dodladairy.com/"}}, {"model": "milk_agency.item", "pk": 1, "fields": {"code": "FCM120", "name": "Full Cream Milk 120 ML", "company": 1, "category": "Milk", "selling_price": "9.00", "buying_price": "8.16", "mrp": "10.00", "stock_quantity": 71, "pcs_count": 100, "image": "items_saved/FCM-130ML_G2D75KO.png", "frozen": false}}, {"model": "milk_agency.item", "pk": 2, "fields": {"code": "FCM500", "name": "Full Cream Milk 500 Ml", "company": 1, "category": "Milk", "selling_price": "33.00", "buying_price": "32.30", "mrp": "35.00", "stock_quantity": 63, "pcs_count": 24, "image": "items_saved/FCM-500ML_JduO5kG.png", "frozen": false}}, {"model": "milk_agency.item", "pk": 3, "fields": {"code": "TM160", "name": "Toned Milk 160 ML", "company": 1, "category": "Milk", "selling_price": "9.00", "buying_price": "7.85", "mrp": "10.00", "stock_quantity": 9, "pcs_count": 76, "image": "items_saved/Screenshot_2026-01-01_011656.png", "frozen": false}}, {"model": "milk_agency.item", "pk": 4, "fields": {"code": "TM200", "name": "Toned Milk 200 ML", "company": 1, "category": "Milk", "selling_price": "10.70", "buying_price": "8.70", "mrp": "12.00", "stock_quantity": 0, "pcs_count": 60, "image": "items_saved/Screenshot_2026-01-01_012023.png", "frozen": false}}, {"model": "milk_agency.item", "pk": 5, "fields": {"code": "STD500", "name": "Standardised Milk 500 ML", "company": 1, "category": "Milk", "selling_price": "29.00", "buying_price": "28.25", "mrp": "32.00", "stock_quantity": 0, "pcs_count": 24, "image": "items_saved/STD-500ML_xjoyH8K.png", "frozen": false}}, {"model": "milk_agency.item", "pk": 6, "fields": {"code": "CURD130", "name": "TM Curd 130 GMS", "company": 1, "category": "Curd", "selling_price": "8.50", "buying_price": "7.35", "mrp": "10.00", "stock_quantity": 363, "pcs_count": 96, "image": "items_saved/TM-Curd-130-GMS_IUKl8QM.png", "frozen": false}}, {"model": "milk_agency.item", "pk": 7, "fields": {"code": "CURD450", "name": "TM Curd 450 GMS", "company": 1, "category": "Curd", "selling_price": "27.00", "buying_price": "25.78", "mrp": "33.00", "stock_quantity": 107, "pcs_count": 28, "image": "items_saved/TM-Curd-475-GMS_KNba4aI.png", "frozen": false}}, {"model": "milk_agency.item", "pk": 8, "fields": {"code": "DTM5B", "name": "DTM Curd 5 KG Bucket", "company": 1, "category": "Buckets", "selling_price": "310.00", "buying_price": "283.00", "mrp": "330.00", "stock_quantity": 0, "pcs_count": 1, "image": "items_saved/DTM-Curd-Bucket10_KGs_t6tWJQo.png", "frozen": false}}, {"model": "milk_agency.item", "pk": 9, "fields": {"code": "DTM10B", "name": "DTM Curd 10 KG Bucket", "company": 1, "category": "Buckets", "selling_price": "600.00", "buying_price": "540.00", "mrp": "650.00", "stock_quantity": 0, "pcs_count": 1, "image": "items_saved/DTM-Curd-Bucket10_KGs_LeO1fyn.png", "frozen": false}}, {"model": "milk_agency.item", "pk": 10, "fields": {"code": "CURD10B", "name": "TM Curd 10 KG Bucket", "company": 1, "category": "Buckets", "selling_price": "660.00", "buying_price": "618.00", "mrp": "700.00", "stock_quantity": 0, "pcs_count": 1, "image": "items_saved/TM-Curd-Bucket10_KGS.png", "frozen": false}}, {"model": "milk_agency.item", "pk": 11, "fields": {"code": "CURD5B", "name": "TM Curd 5KG Bucket", "company": 1, "category": "Buckets", "selling_price": "340.00", "buying_price": "320.00", "mrp": "365.00", "stock_quantity": 0, "pcs_count": 1, "image": "items_saved/TM-Curd-Bucket10_KGS_8IdKWBz.png", "frozen": false}}, {"model": "milk_agency.item", "pk": 12, "fields": {"code": "CURD80", "name": "Curd 80 GMS", "company": 1, "category": "Curd", "selling_price": "5.00", "buying_price": "4.40", "mrp": "6.00", "stock_quantity": 150, "pcs_count": 100, "image": "items_saved/1000208327.jpg", "frozen": false}}, {"model": "milk_agency.item", "pk": 13, "fields": {"code": "CURD1B", "name": "TM Curd 1 KG Bucket", "company": 1, "category": "Buckets", "selling_price": "82.00", "buying_price": "74.55", "mrp": "90.00", "stock_quantity": 0, "pcs_count": 6, "image": "items_saved/TM-Curd-Bucket10_KGS_EpIGcI2.png", "frozen": false}}, {"model": "milk_agency.item", "pk": 14, "fields": {"code": "SE200", "name": "Soan Papid Elachi 200 GMS", "company": 1, "category": "Sweets", "selling_price": "60.00", "buying_price": "50.00", "mrp": "75.00", "stock_quantity": 28, "pcs_count": 5, "image": "items_saved/Soan-Papidi-200GMS_Elachi_o7Plrdb.png", "frozen": false}}, {"model": "milk_agency.item", "pk": 15, "fields": {"code": "CURDC450", "name": "TM Curd Cup 450 GMS", "company": 1, "category": "Cups", "selling_price": "32.00", "buying_price": "29.70", "mrp": "35.00", "stock_quantity": 0, "pcs_count": 12, "image": "items_saved/TM-Curd-Cup-450-GMS.png", "frozen": false}}, {"model": "milk_agency.item", "pk": 16, "fields": {"code": "CG100", "name": "Cow Ghee 100 ML", "company": 1, "category": "Ghee", "selling_price": "85.00", "buying_price": "71.61", "mrp": "100.00", "stock_quantity": 0, "pcs_count": 10, "image": "items_saved/cghee100.png", "frozen": false}}, {"model": "milk_agency.item", "pk": 17, "fields": {"code": "CG200", "name": "Cow Ghee 200 ML", "company": 1, "category": "Ghee", "selling_price": "150.00", "buying_price": "131.04", "mrp": "183.00", "stock_quantity": 0, "pcs_count": 5, "image": "items_saved/cghee200.png", "frozen": false}}, {"model": "milk_agency.item", "pk": 18, "fields": {"code": "CG500", "name": "Cow Ghee 500 ML", "company": 1, "category": "Ghee", "selling_price": "340.00", "buying_price": "307.46", "mrp": "410.00", "stock_quantity": 0, "pcs_count": 2, "image": "items_saved/Cow-Ghee-500ML.png", "frozen": false}}, {"model": "milk_agency.item", "pk": 19, "fields": {"code": "CG1000", "name": "Cow Ghee 1000 ML", "company": 1, "category": "Ghee", "selling_price": "690.00", "buying_price": "622.05", "mrp": "790.00", "stock_quantity": 1, "pcs_count": 1, "image": "items_saved/Cow-Ghee-1000ML_cdV65VP.png", "frozen": false}}, {"model": "milk_agency.item", "pk": 20, "fields": {"code": "G100", "name": "Ghee 100 ML", "company": 1, "category": "Ghee", "selling_price": "85.00", "buying_price": "71.61", "mrp": "100.00", "stock_quantity": 0, "pcs_count": 10, "image": "items_saved/g100.png", "frozen": false}}, {"model": "milk_agency.item", "pk": 21, "fields": {"code": "G200", "name": "Ghee 200 ML", "company": 1, "category": "Ghee", "selling_price": "155.00", "buying_price": "136.05", "mrp": "200.00", "stock_quantity": 0, "pcs_count": 5, "image": "items_saved/Ghee-200ml.png", "frozen": false}}, {"model": "milk_agency.item", "pk": 22, "fields": {"code": "G500", "name": "Ghee 500 ML", "company": 1, "category": "Ghee", "selling_price": "355.00", "buying_price": "307.46", "mrp": "410.00", "stock_quantity": 0, "pcs_count": 2, "image": "items_saved/Ghee-500ML_LorHLRy.png", "frozen": false}}, {"model": "milk_agency.item", "pk": 23, "fields": {"code": "G1000", "name": "Ghee 1000 ML", "company": 1, "category": "Ghee", "selling_price": "680.00", "buying_price": "614.92", "mrp": "820.00", "stock_quantity": 0, "pcs_count": 1, "image": "items_saved/Ghee-1000ML_iGLZ8SS.png", "frozen": false}}, {"model": "milk_agency.item", "pk": 24, "fields": {"code": "P200", "name": "Panner 200 GMS", "company": 1, "category": "Panner", "selling_price": "90.00", "buying_price": "80.85", "mrp": "105.00", "stock_quantity": 0, "pcs_count": 5, "image": "items_saved/Panner-200GMS_Dkd2p0z.png", "frozen": false}}, {"model": "milk_agency.item", "pk": 25, "fields": {"code": "P1000", "name": "Panner 1 KG", "company": 1, "category": "Panner", "selling_price": "360.00", "buying_price": "333.33", "mrp": "440.00", "stock_quantity": 0, "pcs_count": 1, "image": "items_saved/Panner-1KG_Q8OFRVV.png", "frozen": false}}, {"model": "milk_agency.item", "pk": 26, "fields": {"code": "UHT135", "name": "UHT Milk 135 ML", "company": 1, "category": "Others", "selling_price": "380.00", "buying_price": "331.75", "mrp": "420.00", "stock_quantity": 0, "pcs_count": 1, "image": "items_saved/uht135.png", "frozen": false}}, {"model": "milk_agency.item", "pk": 27, "fields": {"code": "JP100", "name": "JUNNU POT 100 GMS", "company": 1, "category": "Sweets", "selling_price": "26.00", "buying_price": "23.91", "mrp": "30.00", "stock_quantity": 0, "pcs_count": 12, "image": "items_saved/Junnu-100GMS_XryEoir.png", "frozen": false}}, {"model": "milk_agency.item", "pk": 28, "fields": {"code": "BM200", "name": "Butter Milk 200 ML", "company": 1, "category": "Others", "selling_price": "8.00", "buying_price": "6.51", "mrp": "9.00", "stock_quantity": 0, "pcs_count": 60, "image": "items_saved/Butter-Milk-200ML.png", "frozen": false}}, {"model": "milk_agency.item", "pk": 29, "fields": {"code": "SL140", "name": "Sweet Lassi 140 ML", "company": 1, "category": "Others", "selling_price": "8.50", "buying_price": "7.64", "mrp": "10.00", "stock_quantity": 0, "pcs_count": 84, "image": "items_saved/Lassi_140_ml.png", "frozen": false}}, {"model": "milk_agency.item", "pk": 30, "fields": {"code": "DP200", "name": "Doodh Peda 200 GMS", "company": 1, "category": "Sweets", "selling_price": "100.00", "buying_price": "87.67", "mrp": "125.00", "stock_quantity": 0, "pcs_count": 5, "image": "items_saved/Doodh-Peda200-GMS_A2d0y4S.png", "frozen": false}}, {"model": "milk_agency.item", "pk": 31, "fields": {"code": "FLM200", "name": "Flavoured Milk (Mixed) 200 ML", "company": 1, "category": "Flavoured Milk", "selling_price": "530.00", "buying_price": "488.44", "mrp": "720.00", "stock_quantity": 0, "pcs_count": 1, "image": "items_saved/flm.png", "frozen": false}}, {"model": "milk_agency.item", "pk": 32, "fields": {"code": "FMB200", "name": "Badam Milk 200 ML", "company": 1, "category": "Flavoured Milk", "selling_price": "530.00", "buying_price": "488.44", "mrp": "720.00", "stock_quantity": 0, "pcs_count": 1, "image": "items_saved/badam.png", "frozen": false}}, {"model": "milk_agency.item", "pk": 33, "fields": {"code": "MP200", "name": "Masala Panner 200 GMS", "company": 1, "category": "Panner", "selling_price": "95.00", "buying_price": "83.00", "mrp": "109.00", "stock_quantity": 1, "pcs_count": 5, "image": "items_saved/Masala-Paneer-3_V26Gltk.webp", "frozen": false}}, {"model": "milk_agency.billitem", "pk": 1, "fields": {"bill": 1, "item": 12, "price_per_unit": "5.00", "discount": "0.00", "quantity": 100, "total_amount": "500.00"}}, {"model": "milk_agency.billitem", "pk": 2, "fields": {"bill": 2, "item": 2, "price_per_unit": "33.00", "discount": "0.50", "quantity": 24, "total_amount": "780.00"}}, {"model": "milk_agency.billitem", "pk": 3, "fields": {"bill": 2, "item": 7, "price_per_unit": "27.00", "discount": "0.50", "quantity": 28, "total_amount": "742.00"}}, {"model": "milk_agency.billitem", "pk": 16, "fields": {"bill": 4, "item": 1, "price_per_unit": "9.00", "discount": "0.00", "quantity": 9, "total_amount": "81.00"}}, {"model": "milk_agency.billitem", "pk": 17, "fields": {"bill": 4, "item": 2, "price_per_unit": "33.00", "discount": "0.00", "quantity": 4, "total_amount": "132.00"}}, {"model": "milk_agency.billitem", "pk": 18, "fields": {"bill": 4, "item": 6, "price_per_unit": "8.50", "discount": "0.00", "quantity": 2, "total_amount": "17.00"}}, {"model": "milk_agency.billitem", "pk": 19, "fields": {"bill": 4, "item": 7, "price_per_unit": "27.00", "discount": "0.00", "quantity": 14, "total_amount": "378.00"}}, {"model": "milk_agency.billitem", "pk": 27, "fields": {"bill": 3, "item": 1, "price_per_unit": "9.00", "discount": "0.00", "quantity": 20, "total_amount": "180.00"}}, {"model": "milk_agency.billitem", "pk": 28, "fields": {"bill": 3, "item": 2, "price_per_unit": "33.00", "discount": "0.00", "quantity": 77, "total_amount": "2541.00"}}, {"model": "milk_agency.billitem", "pk": 29, "fields": {"bill": 3, "item": 3, "price_per_unit": "9.00", "discount": "0.00", "quantity": 143, "total_amount": "1287.00"}}, {"model": "milk_agency.billitem", "pk": 30, "fields": {"bill": 3, "item": 6, "price_per_unit": "8.50", "discount": "0.00", "quantity": 115, "total_amount": "977.50"}}, {"model": "milk_agency.billitem", "pk": 31, "fields": {"bill": 3, "item": 7, "price_per_unit": "27.00", "discount": "0.00", "quantity": 19, "total_amount": "513.00"}}, {"model": "milk_agency.billitem", "pk": 32, "fields": {"bill": 3, "item": 8, "price_per_unit": "310.00", "discount": "0.00", "quantity": 1, "total_amount": "310.00"}}, {"model": "milk_agency.bankbalance", "pk": 1, "fields": {"amount": "4878.22"}}, {"model": "milk_agency.cashbookentry", "pk": 1, "fields": {"c500": 0, "c200": 0, "c100": 0, "c50": 0, "c20": 0, "c10": 0, "coin20": 0, "coin10": 0, "coin5": 0, "coin2": 0, "coin1": 0}}, {"model": "milk_agency.dailypayment", "pk": 1, "fields": {"company": 1, "date": "2026-01-01", "invoice_amount": "16201.30", "paid_amount": null}}, {"model": "milk_agency.dailypayment", "pk": 2, "fields": {"company": 1, "date": "2026-01-02", "invoice_amount": null, "paid_amount": null}}, {"model": "milk_agency.dailypayment", "pk": 3, "fields": {"company": 1, "date": "2026-01-03", "invoice_amount": null, "paid_amount": null}}, {"model": "milk_agency.dailypayment", "pk": 4, "fields": {"company": 1, "date": "2026-01-04", "invoice_amount": null, "paid_amount": null}}, {"model": "milk_agency.dailypayment", "pk": 5, "fields": {"company": 1, "date": "2026-01-05", "invoice_amount": null, "paid_amount": null}}, {"model": "milk_agency.dailypayment", "pk": 6, "fields": {"company": 1, "date": "2026-01-06", "invoice_amount": null, "paid_amount": null}}, {"model": "milk_agency.dailypayment", "pk": 7, "fields": {"company": 1, "date": "2026-01-07", "invoice_amount": null, "paid_amount": null}}, {"model": "milk_agency.dailypayment", "pk": 8, "fields": {"company": 1, "date": "2026-01-08", "invoice_amount": null, "paid_amount": null}}, {"model": "milk_agency.dailypayment", "pk": 9, "fields": {"company": 1, "date": "2026-01-09", "invoice_amount": null, "paid_amount": null}}, {"model": "milk_agency.dailypayment", "pk": 10, "fields": {"company": 1, "date": "2026-01-10", "invoice_amount": null, "paid_amount": null}}, {"model": "milk_agency.dailypayment", "pk": 11, "fields": {"company": 1, "date": "2026-01-11", "invoice_amount": null, "paid_amount": null}}, {"model": "milk_agency.dailypayment", "pk": 12, "fields": {"company": 1, "date": "2026-01-12", "invoice_amount": null, "paid_amount": null}}, {"model": "milk_agency.dailypayment", "pk": 13, "fields": {"company": 1, "date": "2026-01-13", "invoice_amount": null, "paid_amount": null}}, {"model": "milk_agency.dailypayment", "pk": 14, "fields": {"company": 1, "date": "2026-01-14", "invoice_amount": null, "paid_amount": null}}, {"model": "milk_agency.dailypayment", "pk": 15, "fields": {"company": 1, "date": "2026-01-15", "invoice_amount": null, "paid_amount": null}}, {"model": "milk_agency.dailypayment", "pk": 16, "fields": {"company": 1, "date": "2026-01-16", "invoice_amount": null, "paid_amount": null}}, {"model": "milk_agency.dailypayment", "pk": 17, "fields": {"company": 1, "date": "2026-01-17", "invoice_amount": null, "paid_amount": null}}, {"model": "milk_agency.dailypayment", "pk": 18, "fields": {"company": 1, "date": "2026-01-18", "invoice_amount": null, "paid_amount": null}}, {"model": "milk_agency.dailypayment", "pk": 19, "fields": {"company": 1, "date": "2026-01-19", "invoice_amount": null, "paid_amount": null}}, {"model": "milk_agency.dailypayment", "pk": 20, "fields": {"company": 1, "date": "2026-01-20", "invoice_amount": null, "paid_amount": null}}, {"model": "milk_agency.dailypayment", "pk": 21, "fields": {"company": 1, "date": "2026-01-21", "invoice_amount": null, "paid_amount": null}}, {"model": "milk_agency.dailypayment", "pk": 22, "fields": {"company": 1, "date": "2026-01-22", "invoice_amount": null, "paid_amount": null}}, {"model": "milk_agency.dailypayment", "pk": 23, "fields": {"company": 1, "date": "2026-01-23", "invoice_amount": null, "paid_amount": null}}, {"model": "milk_agency.dailypayment", "pk": 24, "fields": {"company": 1, "date": "2026-01-24", "invoice_amount": null, "paid_amount": null}}, {"model": "milk_agency.dailypayment", "pk": 25, "fields": {"company": 1, "date": "2026-01-25", "invoice_amount": null, "paid_amount": null}}, {"model": "milk_agency.dailypayment", "pk": 26, "fields": {"company": 1, "date": "2026-01-26", "invoice_amount": null, "paid_amount": null}}, {"model": "milk_agency.dailypayment", "pk": 27, "fields": {"company": 1, "date": "2026-01-27", "invoice_amount": null, "paid_amount": null}}, {"model": "milk_agency.dailypayment", "pk": 28, "fields": {"company": 1, "date": "2026-01-28", "invoice_amount": null, "paid_amount": null}}, {"model": "milk_agency.dailypayment", "pk": 29, "fields": {"company": 1, "date": "2026-01-29", "invoice_amount": null, "paid_amount": null}}, {"model": "milk_agency.dailypayment", "pk": 30, "fields": {"company": 1, "date": "2026-01-30", "invoice_amount": null, "paid_amount": null}}, {"model": "milk_agency.dailypayment", "pk": 31, "fields": {"company": 1, "date": "2026-01-31", "invoice_amount": null, "paid_amount": null}}, {"model": "milk_agency.monthlypaymentsummary", "pk": 1, "fields": {"year": 2026, "month": 1, "total_invoice": "16201.30", "total_paid": "0.00", "total_due": "16201.30"}}, {"model": "auth.permission", "fields": {"name": "Can add log entry", "content_type": ["admin", "logentry"], "codename": "add_logentry"}}, {"model": "auth.permission", "fields": {"name": "Can change log entry", "content_type": ["admin", "logentry"], "codename": "change_logentry"}}, {"model": "auth.permission", "fields": {"name": "Can delete log entry", "content_type": ["admin", "logentry"], "codename": "delete_logentry"}}, {"model": "auth.permission", "fields": {"name": "Can view log entry", "content_type": ["admin", "logentry"], "codename": "view_logentry"}}, {"model": "auth.permission", "fields": {"name": "Can add permission", "content_type": ["auth", "permission"], "codename": "add_permission"}}, {"model": "auth.permission", "fields": {"name": "Can change permission", "content_type": ["auth", "permission"], "codename": "change_permission"}}, {"model": "auth.permission", "fields": {"name": "Can delete permission", "content_type": ["auth", "permission"], "codename": "delete_permission"}}, {"model": "auth.permission", "fields": {"name": "Can view permission", "content_type": ["auth", "permission"], "codename": "view_permission"}}, {"model": "auth.permission", "fields": {"name": "Can add group", "content_type": ["auth", "group"], "codename": "add_group"}}, {"model": "auth.permission", "fields": {"name": "Can change group", "content_type": ["auth", "group"], "codename": "change_group"}}, {"model": "auth.permission", "fields": {"name": "Can delete group", "content_type": ["auth", "group"], "codename": "delete_group"}}, {"model": "auth.permission", "fields": {"name": "Can view group", "content_type": ["auth", "group"], "codename": "view_group"}}, {"model": "auth.permission", "fields": {"name": "Can add content type", "content_type": ["contenttypes", "contenttype"], "codename": "add_contenttype"}}, {"model": "auth.permission", "fields": {"name": "Can change content type", "content_type": ["contenttypes", "contenttype"], "codename": "change_contenttype"}}, {"model": "auth.permission", "fields": {"name": "Can delete content type", "content_type": ["contenttypes", "contenttype"], "codename": "delete_contenttype"}}, {"model": "auth.permission", "fields": {"name": "Can view content type", "content_type": ["contenttypes", "contenttype"], "codename": "view_contenttype"}}, {"model": "auth.permission", "fields": {"name": "Can add session", "content_type": ["sessions", "session"], "codename": "add_session"}}, {"model": "auth.permission", "fields": {"name": "Can change session", "content_type": ["sessions", "session"], "codename": "change_session"}}, {"model": "auth.permission", "fields": {"name": "Can delete session", "content_type": ["sessions", "session"], "codename": "delete_session"}}, {"model": "auth.permission", "fields": {"name": "Can view session", "content_type": ["sessions", "session"], "codename": "view_session"}}, {"model": "auth.permission", "fields": {"name": "Can add category", "content_type": ["general_store", "category"], "codename": "add_category"}}, {"model": "auth.permission", "fields": {"name": "Can change category", "content_type": ["general_store", "category"], "codename": "change_category"}}, {"model": "auth.permission", "fields": {"name": "Can delete category", "content_type": ["general_store", "category"], "codename": "delete_category"}}, {"model": "auth.permission", "fields": {"name": "Can view category", "content_type": ["general_store", "category"], "codename": "view_category"}}, {"model": "auth.permission", "fields": {"name": "Can add product", "content_type": ["general_store", "product"], "codename": "add_product"}}, {"model": "auth.permission", "fields": {"name": "Can change product", "content_type": ["general_store", "product"], "codename": "change_product"}}, {"model": "auth.permission", "fields": {"name": "Can delete product", "content_type": ["general_store", "product"], "codename": "delete_product"}}, {"model": "auth.permission", "fields": {"name": "Can view product", "content_type": ["general_store", "product"], "codename": "view_product"}}, {"model": "auth.permission", "fields": {"name": "Can add customer", "content_type": ["general_store", "customer"], "codename": "add_customer"}}, {"model": "auth.permission", "fields": {"name": "Can change customer", "content_type": ["general_store", "customer"], "codename": "change_customer"}}, {"model": "auth.permission", "fields": {"name": "Can delete customer", "content_type": ["general_store", "customer"], "codename": "delete_customer"}}, {"model": "auth.permission", "fields": {"name": "Can view customer", "content_type": ["general_store", "customer"], "codename": "view_customer"}}, {"model": "auth.permission", "fields": {"name": "Can add sale", "content_type": ["general_store", "sale"], "codename": "add_sale"}}, {"model": "auth.permission", "fields": {"name": "Can change sale", "content_type": ["general_store", "sale"], "codename": "change_sale"}}, {"model": "auth.permission", "fields": {"name": "Can delete sale", "content_type": ["general_store", "sale"], "codename": "delete_sale"}}, {"model": "auth.permission", "fields": {"name": "Can view sale", "content_type": ["general_store", "sale"], "codename": "view_sale"}}, {"model": "auth.permission", "fields": {"name": "Can add sale item", "content_type": ["general_store", "saleitem"], "codename": "add_saleitem"}}, {"model": "auth.permission", "fields": {"name": "Can change sale item", "content_type": ["general_store", "saleitem"], "codename": "change_saleitem"}}, {"model": "auth.permission", "fields": {"name": "Can delete sale item", "content_type": ["general_store", "saleitem"], "codename": "delete_saleitem"}}, {"model": "auth.permission", "fields": {"name": "Can view sale item", "content_type": ["general_store", "saleitem"], "codename": "view_saleitem"}}, {"model": "auth.permission", "fields": {"name": "Can add bank balance", "content_type": ["general_store", "bankbalance"], "codename": "add_bankbalance"}}, {"model": "auth.permission", "fields": {"name": "Can change bank balance", "content_type": ["general_store", "bankbalance"], "codename": "change_bankbalance"}}, {"model": "auth.permission", "fields": {"name": "Can delete bank balance", "content_type": ["general_store", "bankbalance"], "codename": "delete_bankbalance"}}, {"model": "auth.permission", "fields": {"name": "Can view bank balance", "content_type": ["general_store", "bankbalance"], "codename": "view_bankbalance"}}, {"model": "auth.permission", "fields": {"name": "Can add cashbook entry", "content_type": ["general_store", "cashbookentry"], "codename": "add_cashbookentry"}}, {"model": "auth.permission", "fields": {"name": "Can change cashbook entry", "content_type": ["general_store", "cashbookentry"], "codename": "change_cashbookentry"}}, {"model": "auth.permission", "fields": {"name": "Can delete cashbook entry", "content_type": ["general_store", "cashbookentry"], "codename": "delete_cashbookentry"}}, {"model": "auth.permission", "fields": {"name": "Can view cashbook entry", "content_type": ["general_store", "cashbookentry"], "codename": "view_cashbookentry"}}, {"model": "auth.permission", "fields": {"name": "Can add investment", "content_type": ["general_store", "investment"], "codename": "add_investment"}}, {"model": "auth.permission", "fields": {"name": "Can change investment", "content_type": ["general_store", "investment"], "codename": "change_investment"}}, {"model": "auth.permission", "fields": {"name": "Can delete investment", "content_type": ["general_store", "investment"], "codename": "delete_investment"}}, {"model": "auth.permission", "fields": {"name": "Can view investment", "content_type": ["general_store", "investment"], "codename": "view_investment"}}, {"model": "auth.permission", "fields": {"name": "Can add expense", "content_type": ["general_store", "expense"], "codename": "add_expense"}}, {"model": "auth.permission", "fields": {"name": "Can change expense", "content_type": ["general_store", "expense"], "codename": "change_expense"}}, {"model": "auth.permission", "fields": {"name": "Can delete expense", "content_type": ["general_store", "expense"], "codename": "delete_expense"}}, {"model": "auth.permission", "fields": {"name": "Can view expense", "content_type": ["general_store", "expense"], "codename": "view_expense"}}, {"model": "auth.permission", "fields": {"name": "Can add customer", "content_type": ["milk_agency", "customer"], "codename": "add_customer"}}, {"model": "auth.permission", "fields": {"name": "Can change customer", "content_type": ["milk_agency", "customer"], "codename": "change_customer"}}, {"model": "auth.permission", "fields": {"name": "Can delete customer", "content_type": ["milk_agency", "customer"], "codename": "delete_customer"}}, {"model": "auth.permission", "fields": {"name": "Can view customer", "content_type": ["milk_agency", "customer"], "codename": "view_customer"}}, {"model": "auth.permission", "fields": {"name": "Can add company", "content_type": ["milk_agency", "company"], "codename": "add_company"}}, {"model": "auth.permission", "fields": {"name": "Can change company", "content_type": ["milk_agency", "company"], "codename": "change_company"}}, {"model": "auth.permission", "fields": {"name": "Can delete company", "content_type": ["milk_agency", "company"], "codename": "delete_company"}}, {"model": "auth.permission", "fields": {"name": "Can view company", "content_type": ["milk_agency", "company"], "codename": "view_company"}}, {"model": "auth.permission", "fields": {"name": "Can add item", "content_type": ["milk_agency", "item"], "codename": "add_item"}}, {"model": "auth.permission", "fields": {"name": "Can change item", "content_type": ["milk_agency", "item"], "codename": "change_item"}}, {"model": "auth.permission", "fields": {"name": "Can delete item", "content_type": ["milk_agency", "item"], "codename": "delete_item"}}, {"model": "auth.permission", "fields": {"name": "Can view item", "content_type": ["milk_agency", "item"], "codename": "view_item"}}, {"model": "auth.permission", "fields": {"name": "Can add bill", "content_type": ["milk_agency", "bill"], "codename": "add_bill"}}, {"model": "auth.permission", "fields": {"name": "Can change bill", "content_type": ["milk_agency", "bill"], "codename": "change_bill"}}, {"model": "auth.permission", "fields": {"name": "Can delete bill", "content_type": ["milk_agency", "bill"], "codename": "delete_bill"}}, {"model": "auth.permission", "fields": {"name": "Can view bill", "content_type": ["milk_agency", "bill"], "codename": "view_bill"}}, {"model": "auth.permission", "fields": {"name": "Can add bill item", "content_type": ["milk_agency", "billitem"], "codename": "add_billitem"}}, {"model": "auth.permission", "fields": {"name": "Can change bill item", "content_type": ["milk_agency", "billitem"], "codename": "change_billitem"}}, {"model": "auth.permission", "fields": {"name": "Can delete bill item", "content_type": ["milk_agency", "billitem"], "codename": "delete_billitem"}}, {"model": "auth.permission", "fields": {"name": "Can view bill item", "content_type": ["milk_agency", "billitem"], "codename": "view_billitem"}}, {"model": "auth.permission", "fields": {"name": "Can add bank balance", "content_type": ["milk_agency", "bankbalance"], "codename": "add_bankbalance"}}, {"model": "auth.permission", "fields": {"name": "Can change bank balance", "content_type": ["milk_agency", "bankbalance"], "codename": "change_bankbalance"}}, {"model": "auth.permission", "fields": {"name": "Can delete bank balance", "content_type": ["milk_agency", "bankbalance"], "codename": "delete_bankbalance"}}, {"model": "auth.permission", "fields": {"name": "Can view bank balance", "content_type": ["milk_agency", "bankbalance"], "codename": "view_bankbalance"}}, {"model": "auth.permission", "fields": {"name": "Can add cashbook entry", "content_type": ["milk_agency", "cashbookentry"], "codename": "add_cashbookentry"}}, {"model": "auth.permission", "fields": {"name": "Can change cashbook entry", "content_type": ["milk_agency", "cashbookentry"], "codename": "change_cashbookentry"}}, {"model": "auth.permission", "fields": {"name": "Can delete cashbook entry", "content_type": ["milk_agency", "cashbookentry"], "codename": "delete_cashbookentry"}}, {"model": "auth.permission", "fields": {"name": "Can view cashbook entry", "content_type": ["milk_agency", "cashbookentry"], "codename": "view_cashbookentry"}}, {"model": "auth.permission", "fields": {"name": "Can add daily payment", "content_type": ["milk_agency", "dailypayment"], "codename": "add_dailypayment"}}, {"model": "auth.permission", "fields": {"name": "Can change daily payment", "content_type": ["milk_agency", "dailypayment"], "codename": "change_dailypayment"}}, {"model": "auth.permission", "fields": {"name": "Can delete daily payment", "content_type": ["milk_agency", "dailypayment"], "codename": "delete_dailypayment"}}, {"model": "auth.permission", "fields": {"name": "Can view daily payment", "content_type": ["milk_agency", "dailypayment"], "codename": "view_dailypayment"}}, {"model": "auth.permission", "fields": {"name": "Can add monthly payment summary", "content_type": ["milk_agency", "monthlypaymentsummary"], "codename": "add_monthlypaymentsummary"}}, {"model": "auth.permission", "fields": {"name": "Can change monthly payment summary", "content_type": ["milk_agency", "monthlypaymentsummary"], "codename": "change_monthlypaymentsummary"}}, {"model": "auth.permission", "fields": {"name": "Can delete monthly payment summary", "content_type": ["milk_agency", "monthlypaymentsummary"], "codename": "delete_monthlypaymentsummary"}}, {"model": "auth.permission", "fields": {"name": "Can view monthly payment summary", "content_type": ["milk_agency", "monthlypaymentsummary"], "codename": "view_monthlypaymentsummary"}}, {"model": "auth.permission", "fields": {"name": "Can add daily sales summary", "content_type": ["milk_agency", "dailysalessummary"], "codename": "add_dailysalessummary"}}, {"model": "auth.permission", "fields": {"name": "Can change daily sales summary", "content_type": ["milk_agency", "dailysalessummary"], "codename": "change_dailysalessummary"}}, {"model": "auth.permission", "fields": {"name": "Can delete daily sales summary", "content_type": ["milk_agency", "dailysalessummary"], "codename": "delete_dailysalessummary"}}, {"model": "auth.permission", "fields": {"name": "Can view daily sales summary", "content_type": ["milk_agency", "dailysalessummary"], "codename": "view_dailysalessummary"}}, {"model": "auth.permission", "fields": {"name": "Can add customer monthly commission", "content_type": ["milk_agency", "customermonthlycommission"], "codename": "add_customermonthlycommission"}}, {"model": "auth.permission", "fields": {"name": "Can change customer monthly commission", "content_type": ["milk_agency", "customermonthlycommission"], "codename": "change_customermonthlycommission"}}, {"model": "auth.permission", "fields": {"name": "Can delete customer monthly commission", "content_type": ["milk_agency", "customermonthlycommission"], "codename": "delete_customermonthlycommission"}}, {"model": "auth.permission", "fields": {"name": "Can view customer monthly commission", "content_type": ["milk_agency", "customermonthlycommission"], "codename": "view_customermonthlycommission"}}, {"model": "auth.permission", "fields": {"name": "Can add expense", "content_type": ["milk_agency", "expense"], "codename": "add_expense"}}, {"model": "auth.permission", "fields": {"name": "Can change expense", "content_type": ["milk_agency", "expense"], "codename": "change_expense"}}, {"model": "auth.permission", "fields": {"name": "Can delete expense", "content_type": ["milk_agency", "expense"], "codename": "delete_expense"}}, {"model": "auth.permission", "fields": {"name": "Can view expense", "content_type": ["milk_agency", "expense"], "codename": "view_expense"}}, {"model": "auth.permission", "fields": {"name": "Can add contact", "content_type": ["milk_agency", "contact"], "codename": "add_contact"}}, {"model": "auth.permission", "fields": {"name": "Can change contact", "content_type": ["milk_agency", "contact"], "codename": "change_contact"}}, {"model": "auth.permission", "fields": {"name": "Can delete contact", "content_type": ["milk_agency", "contact"], "codename": "delete_contact"}}, {"model": "auth.permission", "fields": {"name": "Can view contact", "content_type": ["milk_agency", "contact"], "codename": "view_contact"}}, {"model": "auth.permission", "fields": {"name": "Can add customer payment", "content_type": ["milk_agency", "customerpayment"], "codename": "add_customerpayment"}}, {"model": "auth.permission", "fields": {"name": "Can change customer payment", "content_type": ["milk_agency", "customerpayment"], "codename": "change_customerpayment"}}, {"model": "auth.permission", "fields": {"name": "Can delete customer payment", "content_type": ["milk_agency", "customerpayment"], "codename": "delete_customerpayment"}}, {"model": "auth.permission", "fields": {"name": "Can view customer payment", "content_type": ["milk_agency", "customerpayment"], "codename": "view_customerpayment"}}, {"model": "auth.permission", "fields": {"name": "Can add Customer Order", "content_type": ["customer_portal", "customerorder"], "codename": "add_customerorder"}}, {"model": "auth.permission", "fields": {"name": "Can change Customer Order", "content_type": ["customer_portal", "customerorder"], "codename": "change_customerorder"}}, {"model": "auth.permission", "fields": {"name": "Can delete Customer Order", "content_type": ["customer_portal", "customerorder"], "codename": "delete_customerorder"}}, {"model": "auth.permission", "fields": {"name": "Can view Customer Order", "content_type": ["customer_portal", "customerorder"], "codename": "view_customerorder"}}, {"model": "auth.permission", "fields": {"name": "Can add Order Item", "content_type": ["customer_portal", "customerorderitem"], "codename": "add_customerorderitem"}}, {"model": "auth.permission", "fields": {"name": "Can change Order Item", "content_type": ["customer_portal", "customerorderitem"], "codename": "change_customerorderitem"}}, {"model": "auth.permission", "fields": {"name": "Can delete Order Item", "content_type": ["customer_portal", "customerorderitem"], "codename": "delete_customerorderitem"}}, {"model": "auth.permission", "fields": {"name": "Can view Order Item", "content_type": ["customer_portal", "customerorderitem"], "codename": "view_customerorderitem"}}, {"model": "auth.permission", "fields": {"name": "Can add Token", "content_type": ["authtoken", "token"], "codename": "add_token"}}, {"model": "auth.permission", "fields": {"name": "Can change Token", "content_type": ["authtoken", "token"], "codename": "change_token"}}, {"model": "auth.permission", "fields": {"name": "Can delete Token", "content_type": ["authtoken", "token"], "codename": "delete_token"}}, {"model": "auth.permission", "fields": {"name": "Can view Token", "content_type": ["authtoken", "token"], "codename": "view_token"}}, {"model": "auth.permission", "fields": {"name": "Can add Token", "content_type": ["authtoken", "tokenproxy"], "codename": "add_tokenproxy"}}, {"model": "auth.permission", "fields": {"name": "Can change Token", "content_type": ["authtoken", "tokenproxy"], "codename": "change_tokenproxy"}}, {"model": "auth.permission", "fields": {"name": "Can delete Token", "content_type": ["authtoken", "tokenproxy"], "codename": "delete_tokenproxy"}}, {"model": "auth.permission", "fields": {"name": "Can view Token", "content_type": ["authtoken", "tokenproxy"], "codename": "view_tokenproxy"}}, {"model": "milk_agency.customer", "fields": {"password": "pbkdf2_sha256$1000000$JRu3EupbcgbpkOEh1ij9Il$MMx7nt+oJnnJJx1Mv+UpZ0nf2RxC23Ezn0MV4L/VETo=", "is_superuser": true, "phone": "9392890375", "name": "Admin", "shop_name": "", "retailer_id": "", "flat_number": "", "area": "", "pin_code": "", "city": "", "state": "", "due": "0.00", "is_commissioned": false, "is_delivery": false, "frozen": false, "last_login": "2026-01-01T00:48:25.859Z", "is_active": true, "is_staff": true, "groups": [], "user_permissions": []}}, {"model": "milk_agency.customer", "fields": {"password": "pbkdf2_sha256$1000000$bXgHCK4iEa0ZKRXtNyuu3n$Mlp3imp1eRmvu1FpU5FftUFhuc33J4uK0ZdoxQ38E+g=", "is_superuser": false, "phone": "8886307827", "name": "N Satyavathi", "shop_name": "Sri Vijaya Durga Generals & Cool Drinks", "retailer_id": "SVD-GGL-002", "flat_number": "10-92", "area": "Gundugolanu", "pin_code": "534427", "city": "GGL", "state": "AP", "due": "8.00", "is_commissioned": false, "is_delivery": false, "frozen": false, "last_login": "2026-01-01T11:09:21.576Z", "is_active": true, "is_staff": false, "groups": [], "user_permissions": []}}, {"model": "milk_agency.customer", "fields": {"password": "pbkdf2_sha256$1000000$qhKj1zIdUpCYd6EIIwMF2t$GsLjCiJlald2ah+xJMIJwRC1NMid3jqRg9bu54mK9NQ=", "is_superuser": false, "phone": "9951696363", "name": "Ramesh", "shop_name": "Delivery", "retailer_id": "SVD-GGL-003", "flat_number": "10-2", "area": "Gundugolanu", "pin_code": "534427", "city": "GGL", "state": "AP", "due": "1908.50", "is_commissioned": false, "is_delivery": false, "frozen": false, "last_login": null, "is_active": true, "is_staff": false, "groups": [], "user_permissions": []}}, {"model": "milk_agency.customer", "fields": {"password": "9491920666", "is_superuser": false, "phone": "9491920666", "name": "K Pratap Chand", "shop_name": "Friends Tea And Cook Drinks", "retailer_id": "SVD-GGL-004", "flat_number": "03", "area": "Gundugolanu", "pin_code": "534427", "city": "GGL", "state": "AP", "due": "0.00", "is_commissioned": false, "is_delivery": false, "frozen": false, "last_login": null, "is_active": true, "is_staff": false, "groups": [], "user_permissions": []}}, {"model": "milk_agency.bill", "pk": 1, "fields": {"customer": ["9951696363"], "invoice_number": "INV-20260101083328", "invoice_date": "2026-01-01", "total_amount": "500.00", "op_due_amount": "0.00", "last_paid": "0.00", "profit": "60.00", "commission_deducted": "0.00", "commission_month": null, "commission_year": null, "created_at": "2026-01-01T08:33:28.437Z"}}, {"model": "milk_agency.bill", "pk": 2, "fields": {"customer": ["9491920666"], "invoice_number": "INV-20260101143721", "invoice_date": "2026-01-01", "total_amount": "1522.00", "op_due_amount": "0.00", "last_paid": "1522.00", "profit": "24.96", "commission_deducted": "0.00", "commission_month": null, "commission_year": null, "created_at": "2026-01-01T14:37:21.162Z"}}, {"model": "milk_agency.bill", "pk": 3, "fields": {"customer": ["9951696363"], "invoice_number": "INV-20260101144110", "invoice_date": "2026-01-01", "total_amount": "5808.50", "op_due_amount": "-3900.00", "last_paid": "4400.00", "profit": "417.58", "commission_deducted": "0.00", "commission_month": null, "commission_year": null, "created_at": "2026-01-01T14:41:10.059Z"}}, {"model": "milk_agency.bill", "pk": 4, "fields": {"customer": ["8886307827"], "invoice_number": "INV-20260101155421", "invoice_date": "2026-01-01", "total_amount": "608.00", "op_due_amount": "0.00", "last_paid": "600.00", "profit": "29.74", "commission_deducted": "0.00", "commission_month": null, "commission_year": null, "created_at": "2026-01-01T15:54:21.834Z"}}, {"model": "authtoken.token", "pk": "97e28dfd5b17f083c942396ea26978d098297a81", "fields": {"user": ["9951696363"], "created": "2026-01-01T10:33:26.071Z"}}, {"model": "authtoken.token", "pk": "de0aead567df3d857928baba59101741775369f3", "fields": {"user": ["8886307827"], "created": "2026-01-01T04:03:46.761Z"}}]