[{"model": "contenttypes.contenttype", "fields": {"app_label": "admin", "model": "logentry"}}, {"model": "contenttypes.contenttype", "fields": {"app_label": "auth", "model": "permission"}}, {"model": "contenttypes.contenttype", "fields": {"app_label": "auth", "model": "group"}}, {"model": "contenttypes.contenttype", "fields": {"app_label": "contenttypes", "model": "contenttype"}}, {"model": "contenttypes.contenttype", "fields": {"app_label": "sessions", "model": "session"}}, {"model": "contenttypes.contenttype", "fields": {"app_label": "general_store", "model": "category"}}, {"model": "contenttypes.contenttype", "fields": {"app_label": "general_store", "model": "product"}}, {"model": "contenttypes.contenttype", "fields": {"app_label": "general_store", "model": "customer"}}, {"model": "contenttypes.contenttype", "fields": {"app_label": "general_store", "model": "sale"}}, {"model": "contenttypes.contenttype", "fields": {"app_label": "general_store", "model": "saleitem"}}, {"model": "contenttypes.contenttype", "fields": {"app_label": "general_store", "model": "bankbalance"}}, {"model": "contenttypes.contenttype", "fields": {"app_label": "general_store", "model": "cashbookentry"}}, {"model": "contenttypes.contenttype", "fields": {"app_label": "general_store", "model": "investment"}}, {"model": "contenttypes.contenttype", "fields": {"app_label": "general_store", "model": "expense"}}, {"model": "contenttypes.contenttype", "fields": {"app_label": "milk_agency", "model": "customer"}}, {"model": "contenttypes.contenttype", "fields": {"app_label": "milk_agency", "model": "company"}}, {"model": "contenttypes.contenttype", "fields": {"app_label": "milk_agency", "model": "item"}}, {"model": "contenttypes.contenttype", "fields": {"app_label": "milk_agency", "model": "bill"}}, {"model": "contenttypes.contenttype", "fields": {"app_label": "milk_agency", "model": "billitem"}}, {"model": "contenttypes.contenttype", "fields": {"app_label": "milk_agency", "model": "bankbalance"}}, {"model": "contenttypes.contenttype", "fields": {"app_label": "milk_agency", "model": "cashbookentry"}}, {"model": "contenttypes.contenttype", "fields": {"app_label": "milk_agency", "model": "dailypayment"}}, {"model": "contenttypes.contenttype", "fields": {"app_label": "milk_agency", "model": "monthlypaymentsummary"}}, {"model": "contenttypes.contenttype", "fields": {"app_label": "milk_agency", "model": "dailysalessummary"}}, {"model": "contenttypes.contenttype", "fields": {"app_label": "milk_agency", "model": "customermonthlycommission"}}, {"model": "contenttypes.contenttype", "fields": {"app_label": "milk_agency", "model": "expense"}}, {"model": "contenttypes.contenttype", "fields": {"app_label": "milk_agency", "model": "contact"}}, {"model": "contenttypes.contenttype", "fields": {"app_label": "milk_agency", "model": "customerpayment"}}, {"model": "contenttypes.contenttype", "fields": {"app_label": "customer_portal", "model": "customerorder"}}, {"model": "contenttypes.contenttype", "fields": {"app_label": "customer_portal", "model": "customerorderitem"}}, {"model": "contenttypes.contenttype", "fields": {"app_label": "authtoken", "model": "token"}}, {"model": "contenttypes.contenttype", "fields": {"app_label": "authtoken", "model": "tokenproxy"}}, {"model": "sessions.session", "pk": "l2pegf4bay3ucmdw01iyvfwv8vkk7out", "fields": {"session_data": ".eJxVjEEOwiAQRe_C2jQFJqW41IOQYRgCUakpsGq8u23ShW7f-_9twmFvyfXKq8tBXIUUl1_mkR5cDkG9tuW1o_eyNnwOx4ZLy4QtL2W4n_p2Hv4qCWvaE3MYoyIrIUYFFqJir-1kZ2APUgEGRXoCjAYMaaml8RytkWPwzEjGiM8XnSw7Ag:1vb22H:mGQXNJejRDrWGXp486OSSuspdDawGAcridf_UN17mw4", "expire_date": "2026-01-14T19:39:09.415Z"}}, {"model": "sessions.session", "pk": "pb1lmumqfgsn77os2ijtaritbnlrn6he", "fields": {"session_data": ".eJxVjEEOwiAQRe_C2jQFJqW41IOQYRgCUakpsGq8u23ShW7f-_9twmFvyfXKq8tBXIUUl1_mkR5cDkG9tuW1o_eyNnwOx4ZLy4QtL2W4n_p2Hv4qCWvaE3MYoyIrIUYFFqJir-1kZ2APUgEGRXoCjAYMaaml8RytkWPwzEjGiM8XnSw7Ag:1vbbjJ:HA0PgHa8aCCL2i7Y0AFahUjhxxQIZ3-aQTm3YZEsZ8Q", "expire_date": "2026-01-16T09:45:57.391Z"}}, {"model": "sessions.session", "pk": "t5v9xcixdlid9sabuesab9elsu7ti6lk", "fields": {"session_data": ".eJxVjEEOwiAQRe_C2jQFJqW41IOQYRgCUakpsGq8u23ShW7f-_9twmFvyfXKq8tBXIUUl1_mkR5cDkG9tuW1o_eyNnwOx4ZLy4QtL2W4n_p2Hv4qCWvaE3MYoyIrIUYFFqJir-1kZ2APUgEGRXoCjAYMaaml8RytkWPwzEjGiM8XnSw7Ag:1vb6rZ:uMVImJEmcY4B34v0CwjaHAP7gno50D8A4zOedO694VU", "expire_date": "2026-01-15T00:48:25.866Z"}}, {"model": "milk_agency.company", "pk": 1, "fields": {"name": "Dodla", "logo": "company_logos/logo_1.png", "website_link": "https://dodladairy.com/"}}, {"model": "milk_agency.company", "pk": 2, "fields": {"name": "Vallabha", "logo": "company_logos/logo_0m6bDF1.png", "website_link": ""}}, {"model": "milk_agency.item", "pk": 1, "fields": {"code": "FCM120", "name": "Full Cream Milk 120 ML", "company": 1, "category": "Milk", "selling_price": "9.00", "buying_price": "8.16", "mrp": "10.00", "stock_quantity": 32, "pcs_count": 100, "image": "items_saved/FCM-130ML_G2D75KO.png", "frozen": false}}, {"model": "milk_agency.item", "pk": 2, "fields": {"code": "FCM500", "name": "Full Cream Milk 500 Ml", "company": 1, "category": "Milk", "selling_price": "33.00", "buying_price": "32.30", "mrp": "35.00", "stock_quantity": 34, "pcs_count": 24, "image": "items_saved/FCM-500ML_JduO5kG.png", "frozen": false}}, {"model": "milk_agency.item", "pk": 3, "fields": {"code": "TM160", "name": "Toned Milk 160 ML", "company": 1, "category": "Milk", "selling_price": "9.00", "buying_price": "7.85", "mrp": "10.00", "stock_quantity": 1, "pcs_count": 76, "image": "items_saved/Screenshot_2026-01-01_011656.png", "frozen": false}}, {"model": "milk_agency.item", "pk": 4, "fields": {"code": "TM200", "name": "Toned Milk 200 ML", "company": 1, "category": "Milk", "selling_price": "10.70", "buying_price": "8.70", "mrp": "12.00", "stock_quantity": 0, "pcs_count": 60, "image": "items_saved/Screenshot_2026-01-01_012023.png", "frozen": false}}, {"model": "milk_agency.item", "pk": 5, "fields": {"code": "STD500", "name": "Standardised Milk 500 ML", "company": 1, "category": "Milk", "selling_price": "29.00", "buying_price": "28.25", "mrp": "32.00", "stock_quantity": 0, "pcs_count": 24, "image": "items_saved/STD-500ML_xjoyH8K.png", "frozen": false}}, {"model": "milk_agency.item", "pk": 6, "fields": {"code": "CURD130", "name": "TM Curd 130 GMS", "company": 1, "category": "Curd", "selling_price": "8.50", "buying_price": "7.35", "mrp": "10.00", "stock_quantity": 298, "pcs_count": 96, "image": "items_saved/TM-Curd-130-GMS_IUKl8QM.png", "frozen": false}}, {"model": "milk_agency.item", "pk": 7, "fields": {"code": "CURD450", "name": "TM Curd 450 GMS", "company": 1, "category": "Curd", "selling_price": "27.00", "buying_price": "25.78", "mrp": "33.00", "stock_quantity": 84, "pcs_count": 28, "image": "items_saved/TM-Curd-475-GMS_KNba4aI.png", "frozen": false}}, {"model": "milk_agency.item", "pk": 8, "fields": {"code": "DTM5B", "name": "DTM Curd 5 KG Bucket", "company": 1, "category": "Buckets", "selling_price": "310.00", "buying_price": "283.00", "mrp": "330.00", "stock_quantity": 0, "pcs_count": 1, "image": "items_saved/DTM-Curd-Bucket10_KGs_t6tWJQo.png", "frozen": false}}, {"model": "milk_agency.item", "pk": 9, "fields": {"code": "DTM10B", "name": "DTM Curd 10 KG Bucket", "company": 1, "category": "Buckets", "selling_price": "600.00", "buying_price": "540.00", "mrp": "650.00", "stock_quantity": 0, "pcs_count": 1, "image": "items_saved/DTM-Curd-Bucket10_KGs_LeO1fyn.png", "frozen": false}}, {"model": "milk_agency.item", "pk": 10, "fields": {"code": "CURD10B", "name": "TM Curd 10 KG Bucket", "company": 1, "category": "Buckets", "selling_price": "660.00", "buying_price": "618.00", "mrp": "700.00", "stock_quantity": 0, "pcs_count": 1, "image": "items_saved/TM-Curd-Bucket10_KGS.png", "frozen": false}}, {"model": "milk_agency.item", "pk": 11, "fields": {"code": "CURD5B", "name": "TM Curd 5KG Bucket", "company": 1, "category": "Buckets", "selling_price": "340.00", "buying_price": "320.00", "mrp": "365.00", "stock_quantity": 0, "pcs_count": 1, "image": "items_saved/TM-Curd-Bucket10_KGS_8IdKWBz.png", "frozen": false}}, {"model": "milk_agency.item", "pk": 12, "fields": {"code": "CURD80", "name": "Curd 80 GMS", "company": 1, "category": "Curd", "selling_price": "5.00", "buying_price": "4.40", "mrp": "6.00", "stock_quantity": 150, "pcs_count": 100, "image": "items_saved/1000208327.jpg", "frozen": false}}, {"model": "milk_agency.item", "pk": 13, "fields": {"code": "CURD1B", "name": "TM Curd 1 KG Bucket", "company": 1, "category": "Buckets", "selling_price": "80.00", "buying_price": "74.55", "mrp": "90.00", "stock_quantity": 3, "pcs_count": 6, "image": "items_saved/TM-Curd-Bucket10_KGS_EpIGcI2.png", "frozen": false}}, {"model": "milk_agency.item", "pk": 14, "fields": {"code": "SE200", "name": "Soan Papid Elachi 200 GMS", "company": 1, "category": "Sweets", "selling_price": "60.00", "buying_price": "50.00", "mrp": "75.00", "stock_quantity": 0, "pcs_count": 5, "image": "items_saved/Soan-Papidi-200GMS_Elachi_o7Plrdb.png", "frozen": false}}, {"model": "milk_agency.item", "pk": 15, "fields": {"code": "CURDC450", "name": "TM Curd Cup 450 GMS", "company": 1, "category": "Cups", "selling_price": "32.00", "buying_price": "29.70", "mrp": "35.00", "stock_quantity": 0, "pcs_count": 14, "image": "items_saved/TM-Curd-Cup-450-GMS.png", "frozen": false}}, {"model": "milk_agency.item", "pk": 16, "fields": {"code": "CG100", "name": "Cow Ghee 100 ML", "company": 1, "category": "Ghee", "selling_price": "85.00", "buying_price": "71.61", "mrp": "100.00", "stock_quantity": 0, "pcs_count": 10, "image": "items_saved/cghee100.png", "frozen": false}}, {"model": "milk_agency.item", "pk": 17, "fields": {"code": "CG200", "name": "Cow Ghee 200 ML", "company": 1, "category": "Ghee", "selling_price": "150.00", "buying_price": "131.04", "mrp": "183.00", "stock_quantity": 0, "pcs_count": 5, "image": "items_saved/cghee200.png", "frozen": false}}, {"model": "milk_agency.item", "pk": 18, "fields": {"code": "CG500", "name": "Cow Ghee 500 ML", "company": 1, "category": "Ghee", "selling_price": "340.00", "buying_price": "307.46", "mrp": "410.00", "stock_quantity": 0, "pcs_count": 2, "image": "items_saved/Cow-Ghee-500ML.png", "frozen": false}}, {"model": "milk_agency.item", "pk": 19, "fields": {"code": "CG1000", "name": "Cow Ghee 1000 ML", "company": 1, "category": "Ghee", "selling_price": "690.00", "buying_price": "622.05", "mrp": "790.00", "stock_quantity": 1, "pcs_count": 1, "image": "items_saved/Cow-Ghee-1000ML_cdV65VP.png", "frozen": false}}, {"model": "milk_agency.item", "pk": 20, "fields": {"code": "G100", "name": "Ghee 100 ML", "company": 1, "category": "Ghee", "selling_price": "85.00", "buying_price": "71.61", "mrp": "100.00", "stock_quantity": 0, "pcs_count": 10, "image": "items_saved/g100.png", "frozen": false}}, {"model": "milk_agency.item", "pk": 21, "fields": {"code": "G200", "name": "Ghee 200 ML", "company": 1, "category": "Ghee", "selling_price": "155.00", "buying_price": "136.05", "mrp": "200.00", "stock_quantity": 0, "pcs_count": 5, "image": "items_saved/Ghee-200ml.png", "frozen": false}}, {"model": "milk_agency.item", "pk": 22, "fields": {"code": "G500", "name": "Ghee 500 ML", "company": 1, "category": "Ghee", "selling_price": "355.00", "buying_price": "307.46", "mrp": "410.00", "stock_quantity": 0, "pcs_count": 2, "image": "items_saved/Ghee-500ML_LorHLRy.png", "frozen": false}}, {"model": "milk_agency.item", "pk": 23, "fields": {"code": "G1000", "name": "Ghee 1000 ML", "company": 1, "category": "Ghee", "selling_price": "680.00", "buying_price": "614.92", "mrp": "820.00", "stock_quantity": 0, "pcs_count": 1, "image": "items_saved/Ghee-1000ML_iGLZ8SS.png", "frozen": false}}, {"model": "milk_agency.item", "pk": 24, "fields": {"code": "P200", "name": "Panner 200 GMS", "company": 1, "category": "Panner", "selling_price": "90.00", "buying_price": "80.85", "mrp": "105.00", "stock_quantity": 0, "pcs_count": 5, "image": "items_saved/Panner-200GMS_Dkd2p0z.png", "frozen": false}}, {"model": "milk_agency.item", "pk": 25, "fields": {"code": "P1000", "name": "Panner 1 KG", "company": 1, "category": "Panner", "selling_price": "360.00", "buying_price": "333.33", "mrp": "440.00", "stock_quantity": 3, "pcs_count": 1, "image": "items_saved/Panner-1KG_Q8OFRVV.png", "frozen": false}}, {"model": "milk_agency.item", "pk": 26, "fields": {"code": "UHT135", "name": "UHT Milk 135 ML", "company": 1, "category": "Others", "selling_price": "380.00", "buying_price": "331.75", "mrp": "420.00", "stock_quantity": 0, "pcs_count": 1, "image": "items_saved/uht135.png", "frozen": false}}, {"model": "milk_agency.item", "pk": 27, "fields": {"code": "JP100", "name": "JUNNU POT 100 GMS", "company": 1, "category": "Sweets", "selling_price": "26.00", "buying_price": "23.91", "mrp": "30.00", "stock_quantity": 0, "pcs_count": 12, "image": "items_saved/Junnu-100GMS_XryEoir.png", "frozen": false}}, {"model": "milk_agency.item", "pk": 28, "fields": {"code": "BM200", "name": "Butter Milk 200 ML", "company": 1, "category": "Others", "selling_price": "8.00", "buying_price": "6.51", "mrp": "9.00", "stock_quantity": 0, "pcs_count": 60, "image": "items_saved/Butter-Milk-200ML.png", "frozen": false}}, {"model": "milk_agency.item", "pk": 29, "fields": {"code": "SL140", "name": "Sweet Lassi 140 ML", "company": 1, "category": "Others", "selling_price": "8.50", "buying_price": "7.64", "mrp": "10.00", "stock_quantity": 0, "pcs_count": 84, "image": "items_saved/Lassi_140_ml.png", "frozen": false}}, {"model": "milk_agency.item", "pk": 30, "fields": {"code": "DP200", "name": "Doodh Peda 200 GMS", "company": 1, "category": "Sweets", "selling_price": "100.00", "buying_price": "87.67", "mrp": "125.00", "stock_quantity": 0, "pcs_count": 5, "image": "items_saved/Doodh-Peda200-GMS_A2d0y4S.png", "frozen": false}}, {"model": "milk_agency.item", "pk": 31, "fields": {"code": "FLM200", "name": "Flavoured Milk (Mixed) 200 ML", "company": 1, "category": "Flavoured Milk", "selling_price": "530.00", "buying_price": "488.44", "mrp": "720.00", "stock_quantity": 0, "pcs_count": 1, "image": "items_saved/flm.png", "frozen": false}}, {"model": "milk_agency.item", "pk": 32, "fields": {"code": "FMB200", "name": "Badam Milk 200 ML", "company": 1, "category": "Flavoured Milk", "selling_price": "530.00", "buying_price": "488.44", "mrp": "720.00", "stock_quantity": 0, "pcs_count": 1, "image": "items_saved/badam.png", "frozen": false}}, {"model": "milk_agency.item", "pk": 33, "fields": {"code": "MP200", "name": "Masala Panner 200 GMS", "company": 1, "category": "Panner", "selling_price": "95.00", "buying_price": "83.00", "mrp": "109.00", "stock_quantity": 6, "pcs_count": 5, "image": "items_saved/Masala-Paneer-3_V26Gltk.webp", "frozen": false}}, {"model": "milk_agency.item", "pk": 34, "fields": {"code": "BUTTER500", "name": "BUTTER 500 GMS", "company": 1, "category": "Others", "selling_price": "290.00", "buying_price": "265.00", "mrp": "300.00", "stock_quantity": 0, "pcs_count": 1, "image": "", "frozen": false}}, {"model": "milk_agency.billitem", "pk": 1, "fields": {"bill": 1, "item": 12, "price_per_unit": "5.00", "discount": "0.00", "quantity": 100, "total_amount": "500.00"}}, {"model": "milk_agency.billitem", "pk": 2, "fields": {"bill": 2, "item": 2, "price_per_unit": "33.00", "discount": "0.50", "quantity": 24, "total_amount": "780.00"}}, {"model": "milk_agency.billitem", "pk": 3, "fields": {"bill": 2, "item": 7, "price_per_unit": "27.00", "discount": "0.50", "quantity": 28, "total_amount": "742.00"}}, {"model": "milk_agency.billitem", "pk": 16, "fields": {"bill": 4, "item": 1, "price_per_unit": "9.00", "discount": "0.00", "quantity": 9, "total_amount": "81.00"}}, {"model": "milk_agency.billitem", "pk": 17, "fields": {"bill": 4, "item": 2, "price_per_unit": "33.00", "discount": "0.00", "quantity": 4, "total_amount": "132.00"}}, {"model": "milk_agency.billitem", "pk": 18, "fields": {"bill": 4, "item": 6, "price_per_unit": "8.50", "discount": "0.00", "quantity": 2, "total_amount": "17.00"}}, {"model": "milk_agency.billitem", "pk": 19, "fields": {"bill": 4, "item": 7, "price_per_unit": "27.00", "discount": "0.00", "quantity": 14, "total_amount": "378.00"}}, {"model": "milk_agency.billitem", "pk": 27, "fields": {"bill": 3, "item": 1, "price_per_unit": "9.00", "discount": "0.00", "quantity": 20, "total_amount": "180.00"}}, {"model": "milk_agency.billitem", "pk": 28, "fields": {"bill": 3, "item": 2, "price_per_unit": "33.00", "discount": "0.00", "quantity": 77, "total_amount": "2541.00"}}, {"model": "milk_agency.billitem", "pk": 29, "fields": {"bill": 3, "item": 3, "price_per_unit": "9.00", "discount": "0.00", "quantity": 143, "total_amount": "1287.00"}}, {"model": "milk_agency.billitem", "pk": 30, "fields": {"bill": 3, "item": 6, "price_per_unit": "8.50", "discount": "0.00", "quantity": 115, "total_amount": "977.50"}}, {"model": "milk_agency.billitem", "pk": 31, "fields": {"bill": 3, "item": 7, "price_per_unit": "27.00", "discount": "0.00", "quantity": 19, "total_amount": "513.00"}}, {"model": "milk_agency.billitem", "pk": 32, "fields": {"bill": 3, "item": 8, "price_per_unit": "310.00", "discount": "0.00", "quantity": 1, "total_amount": "310.00"}}, {"model": "milk_agency.billitem", "pk": 33, "fields": {"bill": 5, "item": 1, "price_per_unit": "9.00", "discount": "0.00", "quantity": 8, "total_amount": "72.00"}}, {"model": "milk_agency.billitem", "pk": 34, "fields": {"bill": 5, "item": 2, "price_per_unit": "33.00", "discount": "0.00", "quantity": 18, "total_amount": "594.00"}}, {"model": "milk_agency.billitem", "pk": 35, "fields": {"bill": 5, "item": 3, "price_per_unit": "9.00", "discount": "0.00", "quantity": 8, "total_amount": "72.00"}}, {"model": "milk_agency.billitem", "pk": 36, "fields": {"bill": 5, "item": 12, "price_per_unit": "5.00", "discount": "0.00", "quantity": 120, "total_amount": "600.00"}}, {"model": "milk_agency.billitem", "pk": 37, "fields": {"bill": 5, "item": 6, "price_per_unit": "8.50", "discount": "0.00", "quantity": 222, "total_amount": "1887.00"}}, {"model": "milk_agency.billitem", "pk": 38, "fields": {"bill": 5, "item": 7, "price_per_unit": "27.00", "discount": "0.00", "quantity": 57, "total_amount": "1539.00"}}, {"model": "milk_agency.billitem", "pk": 39, "fields": {"bill": 7, "item": 1, "price_per_unit": "9.00", "discount": "0.50", "quantity": 20, "total_amount": "170.00"}}, {"model": "milk_agency.billitem", "pk": 40, "fields": {"bill": 7, "item": 2, "price_per_unit": "33.00", "discount": "0.50", "quantity": 24, "total_amount": "780.00"}}, {"model": "milk_agency.billitem", "pk": 41, "fields": {"bill": 7, "item": 6, "price_per_unit": "8.50", "discount": "0.00", "quantity": 30, "total_amount": "255.00"}}, {"model": "milk_agency.billitem", "pk": 42, "fields": {"bill": 7, "item": 7, "price_per_unit": "27.00", "discount": "0.40", "quantity": 28, "total_amount": "744.80"}}, {"model": "milk_agency.billitem", "pk": 58, "fields": {"bill": 8, "item": 1, "price_per_unit": "9.00", "discount": "0.00", "quantity": 40, "total_amount": "360.00"}}, {"model": "milk_agency.billitem", "pk": 59, "fields": {"bill": 8, "item": 2, "price_per_unit": "33.00", "discount": "0.00", "quantity": 117, "total_amount": "3861.00"}}, {"model": "milk_agency.billitem", "pk": 60, "fields": {"bill": 8, "item": 3, "price_per_unit": "9.00", "discount": "0.00", "quantity": 137, "total_amount": "1233.00"}}, {"model": "milk_agency.billitem", "pk": 61, "fields": {"bill": 8, "item": 6, "price_per_unit": "8.50", "discount": "0.00", "quantity": 203, "total_amount": "1725.50"}}, {"model": "milk_agency.billitem", "pk": 62, "fields": {"bill": 8, "item": 7, "price_per_unit": "27.00", "discount": "0.00", "quantity": 40, "total_amount": "1080.00"}}, {"model": "milk_agency.billitem", "pk": 63, "fields": {"bill": 9, "item": 7, "price_per_unit": "27.00", "discount": "0.00", "quantity": 14, "total_amount": "378.00"}}, {"model": "milk_agency.billitem", "pk": 64, "fields": {"bill": 10, "item": 1, "price_per_unit": "9.00", "discount": "0.00", "quantity": 14, "total_amount": "126.00"}}, {"model": "milk_agency.billitem", "pk": 65, "fields": {"bill": 10, "item": 2, "price_per_unit": "33.00", "discount": "0.00", "quantity": 20, "total_amount": "660.00"}}, {"model": "milk_agency.billitem", "pk": 66, "fields": {"bill": 10, "item": 12, "price_per_unit": "5.00", "discount": "0.00", "quantity": 14, "total_amount": "70.00"}}, {"model": "milk_agency.billitem", "pk": 67, "fields": {"bill": 10, "item": 6, "price_per_unit": "8.50", "discount": "0.00", "quantity": 30, "total_amount": "255.00"}}, {"model": "milk_agency.billitem", "pk": 68, "fields": {"bill": 10, "item": 7, "price_per_unit": "27.00", "discount": "0.00", "quantity": 6, "total_amount": "162.00"}}, {"model": "milk_agency.billitem", "pk": 69, "fields": {"bill": 11, "item": 1, "price_per_unit": "9.00", "discount": "0.00", "quantity": 6, "total_amount": "54.00"}}, {"model": "milk_agency.billitem", "pk": 70, "fields": {"bill": 11, "item": 2, "price_per_unit": "33.00", "discount": "0.00", "quantity": 20, "total_amount": "660.00"}}, {"model": "milk_agency.billitem", "pk": 71, "fields": {"bill": 11, "item": 3, "price_per_unit": "9.00", "discount": "0.00", "quantity": 4, "total_amount": "36.00"}}, {"model": "milk_agency.billitem", "pk": 72, "fields": {"bill": 11, "item": 12, "price_per_unit": "5.00", "discount": "0.00", "quantity": 115, "total_amount": "575.00"}}, {"model": "milk_agency.billitem", "pk": 73, "fields": {"bill": 11, "item": 6, "price_per_unit": "8.50", "discount": "0.00", "quantity": 10, "total_amount": "85.00"}}, {"model": "milk_agency.billitem", "pk": 74, "fields": {"bill": 11, "item": 7, "price_per_unit": "27.00", "discount": "0.00", "quantity": 8, "total_amount": "216.00"}}, {"model": "milk_agency.billitem", "pk": 75, "fields": {"bill": 12, "item": 2, "price_per_unit": "33.00", "discount": "0.00", "quantity": 4, "total_amount": "132.00"}}, {"model": "milk_agency.billitem", "pk": 76, "fields": {"bill": 12, "item": 3, "price_per_unit": "9.00", "discount": "0.20", "quantity": 10, "total_amount": "88.00"}}, {"model": "milk_agency.billitem", "pk": 77, "fields": {"bill": 12, "item": 6, "price_per_unit": "8.50", "discount": "0.00", "quantity": 10, "total_amount": "85.00"}}, {"model": "milk_agency.billitem", "pk": 78, "fields": {"bill": 12, "item": 7, "price_per_unit": "27.00", "discount": "0.00", "quantity": 6, "total_amount": "162.00"}}, {"model": "milk_agency.billitem", "pk": 79, "fields": {"bill": 13, "item": 2, "price_per_unit": "33.00", "discount": "0.00", "quantity": 12, "total_amount": "396.00"}}, {"model": "milk_agency.billitem", "pk": 80, "fields": {"bill": 13, "item": 5, "price_per_unit": "29.00", "discount": "0.00", "quantity": 24, "total_amount": "696.00"}}, {"model": "milk_agency.billitem", "pk": 81, "fields": {"bill": 13, "item": 3, "price_per_unit": "9.00", "discount": "0.20", "quantity": 20, "total_amount": "176.00"}}, {"model": "milk_agency.billitem", "pk": 82, "fields": {"bill": 13, "item": 6, "price_per_unit": "8.50", "discount": "0.00", "quantity": 40, "total_amount": "340.00"}}, {"model": "milk_agency.billitem", "pk": 83, "fields": {"bill": 13, "item": 7, "price_per_unit": "27.00", "discount": "0.00", "quantity": 28, "total_amount": "756.00"}}, {"model": "milk_agency.billitem", "pk": 84, "fields": {"bill": 14, "item": 1, "price_per_unit": "9.00", "discount": "0.50", "quantity": 20, "total_amount": "170.00"}}, {"model": "milk_agency.billitem", "pk": 85, "fields": {"bill": 14, "item": 2, "price_per_unit": "33.00", "discount": "0.50", "quantity": 24, "total_amount": "780.00"}}, {"model": "milk_agency.billitem", "pk": 86, "fields": {"bill": 14, "item": 6, "price_per_unit": "8.50", "discount": "0.00", "quantity": 30, "total_amount": "255.00"}}, {"model": "milk_agency.billitem", "pk": 87, "fields": {"bill": 14, "item": 7, "price_per_unit": "27.00", "discount": "0.40", "quantity": 28, "total_amount": "744.80"}}, {"model": "milk_agency.billitem", "pk": 111, "fields": {"bill": 15, "item": 1, "price_per_unit": "9.00", "discount": "0.00", "quantity": 75, "total_amount": "675.00"}}, {"model": "milk_agency.billitem", "pk": 112, "fields": {"bill": 15, "item": 2, "price_per_unit": "33.00", "discount": "0.00", "quantity": 119, "total_amount": "3927.00"}}, {"model": "milk_agency.billitem", "pk": 113, "fields": {"bill": 15, "item": 3, "price_per_unit": "9.00", "discount": "0.00", "quantity": 132, "total_amount": "1188.00"}}, {"model": "milk_agency.billitem", "pk": 114, "fields": {"bill": 15, "item": 6, "price_per_unit": "8.50", "discount": "0.00", "quantity": 185, "total_amount": "1572.50"}}, {"model": "milk_agency.billitem", "pk": 115, "fields": {"bill": 15, "item": 7, "price_per_unit": "27.00", "discount": "0.00", "quantity": 41, "total_amount": "1107.00"}}, {"model": "milk_agency.billitem", "pk": 116, "fields": {"bill": 15, "item": 13, "price_per_unit": "80.00", "discount": "0.00", "quantity": 1, "total_amount": "80.00"}}, {"model": "milk_agency.billitem", "pk": 117, "fields": {"bill": 16, "item": 1, "price_per_unit": "9.00", "discount": "0.00", "quantity": 31, "total_amount": "279.00"}}, {"model": "milk_agency.billitem", "pk": 118, "fields": {"bill": 16, "item": 2, "price_per_unit": "33.00", "discount": "0.00", "quantity": 6, "total_amount": "198.00"}}, {"model": "milk_agency.billitem", "pk": 119, "fields": {"bill": 16, "item": 12, "price_per_unit": "5.00", "discount": "0.00", "quantity": 1, "total_amount": "5.00"}}, {"model": "milk_agency.billitem", "pk": 120, "fields": {"bill": 16, "item": 6, "price_per_unit": "8.50", "discount": "0.00", "quantity": 21, "total_amount": "178.50"}}, {"model": "milk_agency.billitem", "pk": 121, "fields": {"bill": 16, "item": 7, "price_per_unit": "27.00", "discount": "0.00", "quantity": 7, "total_amount": "189.00"}}, {"model": "milk_agency.billitem", "pk": 122, "fields": {"bill": 16, "item": 3, "price_per_unit": "9.00", "discount": "0.00", "quantity": 2, "total_amount": "18.00"}}, {"model": "milk_agency.billitem", "pk": 131, "fields": {"bill": 18, "item": 1, "price_per_unit": "9.00", "discount": "0.50", "quantity": 20, "total_amount": "170.00"}}, {"model": "milk_agency.billitem", "pk": 132, "fields": {"bill": 18, "item": 2, "price_per_unit": "33.00", "discount": "0.50", "quantity": 24, "total_amount": "780.00"}}, {"model": "milk_agency.billitem", "pk": 133, "fields": {"bill": 18, "item": 6, "price_per_unit": "8.50", "discount": "0.00", "quantity": 30, "total_amount": "255.00"}}, {"model": "milk_agency.billitem", "pk": 134, "fields": {"bill": 18, "item": 7, "price_per_unit": "27.00", "discount": "0.40", "quantity": 28, "total_amount": "744.80"}}, {"model": "milk_agency.billitem", "pk": 149, "fields": {"bill": 20, "item": 1, "price_per_unit": "9.00", "discount": "0.00", "quantity": 47, "total_amount": "423.00"}}, {"model": "milk_agency.billitem", "pk": 150, "fields": {"bill": 20, "item": 2, "price_per_unit": "33.00", "discount": "0.00", "quantity": 23, "total_amount": "759.00"}}, {"model": "milk_agency.billitem", "pk": 151, "fields": {"bill": 20, "item": 12, "price_per_unit": "5.00", "discount": "0.00", "quantity": 4, "total_amount": "20.00"}}, {"model": "milk_agency.billitem", "pk": 152, "fields": {"bill": 20, "item": 6, "price_per_unit": "8.50", "discount": "0.00", "quantity": 18, "total_amount": "153.00"}}, {"model": "milk_agency.billitem", "pk": 153, "fields": {"bill": 20, "item": 7, "price_per_unit": "27.00", "discount": "0.00", "quantity": 11, "total_amount": "297.00"}}, {"model": "milk_agency.billitem", "pk": 154, "fields": {"bill": 20, "item": 13, "price_per_unit": "80.00", "discount": "0.00", "quantity": 2, "total_amount": "160.00"}}, {"model": "milk_agency.billitem", "pk": 171, "fields": {"bill": 19, "item": 1, "price_per_unit": "9.00", "discount": "0.00", "quantity": 68, "total_amount": "612.00"}}, {"model": "milk_agency.billitem", "pk": 172, "fields": {"bill": 19, "item": 2, "price_per_unit": "33.00", "discount": "0.00", "quantity": 85, "total_amount": "2805.00"}}, {"model": "milk_agency.billitem", "pk": 173, "fields": {"bill": 19, "item": 6, "price_per_unit": "8.50", "discount": "0.00", "quantity": 183, "total_amount": "1555.50"}}, {"model": "milk_agency.billitem", "pk": 174, "fields": {"bill": 19, "item": 7, "price_per_unit": "27.00", "discount": "0.00", "quantity": 29, "total_amount": "783.00"}}, {"model": "milk_agency.billitem", "pk": 175, "fields": {"bill": 19, "item": 25, "price_per_unit": "360.00", "discount": "0.00", "quantity": 1, "total_amount": "360.00"}}, {"model": "milk_agency.billitem", "pk": 176, "fields": {"bill": 19, "item": 34, "price_per_unit": "290.00", "discount": "0.00", "quantity": 1, "total_amount": "290.00"}}, {"model": "milk_agency.billitem", "pk": 177, "fields": {"bill": 19, "item": 3, "price_per_unit": "9.00", "discount": "0.00", "quantity": 109, "total_amount": "981.00"}}, {"model": "milk_agency.billitem", "pk": 178, "fields": {"bill": 19, "item": 26, "price_per_unit": "380.00", "discount": "0.00", "quantity": 1, "total_amount": "380.00"}}, {"model": "milk_agency.billitem", "pk": 179, "fields": {"bill": 17, "item": 1, "price_per_unit": "9.00", "discount": "0.00", "quantity": 10, "total_amount": "90.00"}}, {"model": "milk_agency.billitem", "pk": 180, "fields": {"bill": 17, "item": 2, "price_per_unit": "33.00", "discount": "0.00", "quantity": 20, "total_amount": "660.00"}}, {"model": "milk_agency.billitem", "pk": 181, "fields": {"bill": 17, "item": 6, "price_per_unit": "8.50", "discount": "0.00", "quantity": 280, "total_amount": "2380.00"}}, {"model": "milk_agency.billitem", "pk": 182, "fields": {"bill": 17, "item": 7, "price_per_unit": "27.00", "discount": "0.00", "quantity": 69, "total_amount": "1863.00"}}, {"model": "milk_agency.billitem", "pk": 183, "fields": {"bill": 17, "item": 12, "price_per_unit": "5.00", "discount": "0.00", "quantity": 101, "total_amount": "505.00"}}, {"model": "milk_agency.billitem", "pk": 184, "fields": {"bill": 17, "item": 15, "price_per_unit": "32.00", "discount": "0.00", "quantity": 7, "total_amount": "224.00"}}, {"model": "milk_agency.billitem", "pk": 185, "fields": {"bill": 21, "item": 6, "price_per_unit": "8.50", "discount": "0.00", "quantity": 24, "total_amount": "204.00"}}, {"model": "milk_agency.billitem", "pk": 186, "fields": {"bill": 22, "item": 2, "price_per_unit": "33.00", "discount": "0.00", "quantity": 12, "total_amount": "396.00"}}, {"model": "milk_agency.billitem", "pk": 187, "fields": {"bill": 22, "item": 3, "price_per_unit": "9.00", "discount": "0.20", "quantity": 20, "total_amount": "176.00"}}, {"model": "milk_agency.billitem", "pk": 188, "fields": {"bill": 22, "item": 6, "price_per_unit": "8.50", "discount": "0.00", "quantity": 40, "total_amount": "340.00"}}, {"model": "milk_agency.billitem", "pk": 189, "fields": {"bill": 22, "item": 7, "price_per_unit": "27.00", "discount": "0.00", "quantity": 28, "total_amount": "756.00"}}, {"model": "milk_agency.billitem", "pk": 190, "fields": {"bill": 23, "item": 2, "price_per_unit": "33.00", "discount": "0.00", "quantity": 17, "total_amount": "561.00"}}, {"model": "milk_agency.billitem", "pk": 191, "fields": {"bill": 23, "item": 3, "price_per_unit": "9.00", "discount": "0.00", "quantity": 9, "total_amount": "81.00"}}, {"model": "milk_agency.billitem", "pk": 192, "fields": {"bill": 23, "item": 12, "price_per_unit": "5.00", "discount": "0.00", "quantity": 145, "total_amount": "725.00"}}, {"model": "milk_agency.billitem", "pk": 193, "fields": {"bill": 23, "item": 6, "price_per_unit": "8.50", "discount": "0.00", "quantity": 10, "total_amount": "85.00"}}, {"model": "milk_agency.billitem", "pk": 194, "fields": {"bill": 23, "item": 7, "price_per_unit": "27.00", "discount": "0.00", "quantity": 5, "total_amount": "135.00"}}, {"model": "milk_agency.billitem", "pk": 195, "fields": {"bill": 24, "item": 1, "price_per_unit": "9.00", "discount": "0.50", "quantity": 20, "total_amount": "170.00"}}, {"model": "milk_agency.billitem", "pk": 196, "fields": {"bill": 24, "item": 2, "price_per_unit": "33.00", "discount": "0.50", "quantity": 24, "total_amount": "780.00"}}, {"model": "milk_agency.billitem", "pk": 197, "fields": {"bill": 24, "item": 6, "price_per_unit": "8.50", "discount": "0.00", "quantity": 30, "total_amount": "255.00"}}, {"model": "milk_agency.billitem", "pk": 198, "fields": {"bill": 24, "item": 7, "price_per_unit": "27.00", "discount": "0.50", "quantity": 28, "total_amount": "742.00"}}, {"model": "milk_agency.billitem", "pk": 199, "fields": {"bill": 25, "item": 1, "price_per_unit": "9.00", "discount": "0.00", "quantity": 60, "total_amount": "540.00"}}, {"model": "milk_agency.billitem", "pk": 200, "fields": {"bill": 25, "item": 2, "price_per_unit": "33.00", "discount": "0.00", "quantity": 108, "total_amount": "3564.00"}}, {"model": "milk_agency.billitem", "pk": 201, "fields": {"bill": 25, "item": 3, "price_per_unit": "9.00", "discount": "0.00", "quantity": 165, "total_amount": "1485.00"}}, {"model": "milk_agency.billitem", "pk": 202, "fields": {"bill": 25, "item": 6, "price_per_unit": "8.50", "discount": "0.00", "quantity": 205, "total_amount": "1742.50"}}, {"model": "milk_agency.billitem", "pk": 203, "fields": {"bill": 25, "item": 7, "price_per_unit": "27.00", "discount": "0.00", "quantity": 38, "total_amount": "1026.00"}}, {"model": "milk_agency.bankbalance", "pk": 1, "fields": {"amount": "257.22"}}, {"model": "milk_agency.cashbookentry", "pk": 1, "fields": {"c500": 6, "c200": 2, "c100": 24, "c50": 32, "c20": 0, "c10": 0, "coin20": 0, "coin10": 0, "coin5": 0, "coin2": 0, "coin1": 0}}, {"model": "milk_agency.dailypayment", "pk": 1, "fields": {"company": 1, "date": "2026-01-01", "invoice_amount": "16201.30", "paid_amount": "16569.20"}}, {"model": "milk_agency.dailypayment", "pk": 2, "fields": {"company": 1, "date": "2026-01-02", "invoice_amount": "10944.24", "paid_amount": null}}, {"model": "milk_agency.dailypayment", "pk": 3, "fields": {"company": 1, "date": "2026-01-03", "invoice_amount": "17528.47", "paid_amount": "10422.00"}}, {"model": "milk_agency.dailypayment", "pk": 4, "fields": {"company": 1, "date": "2026-01-04", "invoice_amount": "12052.77", "paid_amount": "17682.00"}}, {"model": "milk_agency.dailypayment", "pk": 5, "fields": {"company": 1, "date": "2026-01-05", "invoice_amount": null, "paid_amount": null}}, {"model": "milk_agency.dailypayment", "pk": 6, "fields": {"company": 1, "date": "2026-01-06", "invoice_amount": null, "paid_amount": null}}, {"model": "milk_agency.dailypayment", "pk": 7, "fields": {"company": 1, "date": "2026-01-07", "invoice_amount": null, "paid_amount": null}}, {"model": "milk_agency.dailypayment", "pk": 8, "fields": {"company": 1, "date": "2026-01-08", "invoice_amount": null, "paid_amount": null}}, {"model": "milk_agency.dailypayment", "pk": 9, "fields": {"company": 1, "date": "2026-01-09", "invoice_amount": null, "paid_amount": null}}, {"model": "milk_agency.dailypayment", "pk": 10, "fields": {"company": 1, "date": "2026-01-10", "invoice_amount": null, "paid_amount": null}}, {"model": "milk_agency.dailypayment", "pk": 11, "fields": {"company": 1, "date": "2026-01-11", "invoice_amount": null, "paid_amount": null}}, {"model": "milk_agency.dailypayment", "pk": 12, "fields": {"company": 1, "date": "2026-01-12", "invoice_amount": null, "paid_amount": null}}, {"model": "milk_agency.dailypayment", "pk": 13, "fields": {"company": 1, "date": "2026-01-13", "invoice_amount": null, "paid_amount": null}}, {"model": "milk_agency.dailypayment", "pk": 14, "fields": {"company": 1, "date": "2026-01-14", "invoice_amount": null, "paid_amount": null}}, {"model": "milk_agency.dailypayment", "pk": 15, "fields": {"company": 1, "date": "2026-01-15", "invoice_amount": null, "paid_amount": null}}, {"model": "milk_agency.dailypayment", "pk": 16, "fields": {"company": 1, "date": "2026-01-16", "invoice_amount": null, "paid_amount": null}}, {"model": "milk_agency.dailypayment", "pk": 17, "fields": {"company": 1, "date": "2026-01-17", "invoice_amount": null, "paid_amount": null}}, {"model": "milk_agency.dailypayment", "pk": 18, "fields": {"company": 1, "date": "2026-01-18", "invoice_amount": null, "paid_amount": null}}, {"model": "milk_agency.dailypayment", "pk": 19, "fields": {"company": 1, "date": "2026-01-19", "invoice_amount": null, "paid_amount": null}}, {"model": "milk_agency.dailypayment", "pk": 20, "fields": {"company": 1, "date": "2026-01-20", "invoice_amount": null, "paid_amount": null}}, {"model": "milk_agency.dailypayment", "pk": 21, "fields": {"company": 1, "date": "2026-01-21", "invoice_amount": null, "paid_amount": null}}, {"model": "milk_agency.dailypayment", "pk": 22, "fields": {"company": 1, "date": "2026-01-22", "invoice_amount": null, "paid_amount": null}}, {"model": "milk_agency.dailypayment", "pk": 23, "fields": {"company": 1, "date": "2026-01-23", "invoice_amount": null, "paid_amount": null}}, {"model": "milk_agency.dailypayment", "pk": 24, "fields": {"company": 1, "date": "2026-01-24", "invoice_amount": null, "paid_amount": null}}, {"model": "milk_agency.dailypayment", "pk": 25, "fields": {"company": 1, "date": "2026-01-25", "invoice_amount": null, "paid_amount": null}}, {"model": "milk_agency.dailypayment", "pk": 26, "fields": {"company": 1, "date": "2026-01-26", "invoice_amount": null, "paid_amount": null}}, {"model": "milk_agency.dailypayment", "pk": 27, "fields": {"company": 1, "date": "2026-01-27", "invoice_amount": null, "paid_amount": null}}, {"model": "milk_agency.dailypayment", "pk": 28, "fields": {"company": 1, "date": "2026-01-28", "invoice_amount": null, "paid_amount": null}}, {"model": "milk_agency.dailypayment", "pk": 29, "fields": {"company": 1, "date": "2026-01-29", "invoice_amount": null, "paid_amount": null}}, {"model": "milk_agency.dailypayment", "pk": 30, "fields": {"company": 1, "date": "2026-01-30", "invoice_amount": null, "paid_amount": null}}, {"model": "milk_agency.dailypayment", "pk": 31, "fields": {"company": 1, "date": "2026-01-31", "invoice_amount": null, "paid_amount": null}}, {"model": "milk_agency.dailypayment", "pk": 32, "fields": {"company": 2, "date": "2026-01-01", "invoice_amount": "960.00", "paid_amount": "936.00"}}, {"model": "milk_agency.dailypayment", "pk": 33, "fields": {"company": 2, "date": "2026-01-02", "invoice_amount": "657.00", "paid_amount": "1095.00"}}, {"model": "milk_agency.dailypayment", "pk": 34, "fields": {"company": 2, "date": "2026-01-03", "invoice_amount": "440.00", "paid_amount": "91.00"}}, {"model": "milk_agency.dailypayment", "pk": 35, "fields": {"company": 2, "date": "2026-01-04", "invoice_amount": "877.00", "paid_amount": null}}, {"model": "milk_agency.dailypayment", "pk": 36, "fields": {"company": 2, "date": "2026-01-05", "invoice_amount": "705.00", "paid_amount": null}}, {"model": "milk_agency.dailypayment", "pk": 37, "fields": {"company": 2, "date": "2026-01-06", "invoice_amount": null, "paid_amount": null}}, {"model": "milk_agency.dailypayment", "pk": 38, "fields": {"company": 2, "date": "2026-01-07", "invoice_amount": null, "paid_amount": null}}, {"model": "milk_agency.dailypayment", "pk": 39, "fields": {"company": 2, "date": "2026-01-08", "invoice_amount": null, "paid_amount": null}}, {"model": "milk_agency.dailypayment", "pk": 40, "fields": {"company": 2, "date": "2026-01-09", "invoice_amount": null, "paid_amount": null}}, {"model": "milk_agency.dailypayment", "pk": 41, "fields": {"company": 2, "date": "2026-01-10", "invoice_amount": null, "paid_amount": null}}, {"model": "milk_agency.dailypayment", "pk": 42, "fields": {"company": 2, "date": "2026-01-11", "invoice_amount": null, "paid_amount": null}}, {"model": "milk_agency.dailypayment", "pk": 43, "fields": {"company": 2, "date": "2026-01-12", "invoice_amount": null, "paid_amount": null}}, {"model": "milk_agency.dailypayment", "pk": 44, "fields": {"company": 2, "date": "2026-01-13", "invoice_amount": null, "paid_amount": null}}, {"model": "milk_agency.dailypayment", "pk": 45, "fields": {"company": 2, "date": "2026-01-14", "invoice_amount": null, "paid_amount": null}}, {"model": "milk_agency.dailypayment", "pk": 46, "fields": {"company": 2, "date": "2026-01-15", "invoice_amount": null, "paid_amount": null}}, {"model": "milk_agency.dailypayment", "pk": 47, "fields": {"company": 2, "date": "2026-01-16", "invoice_amount": null, "paid_amount": null}}, {"model": "milk_agency.dailypayment", "pk": 48, "fields": {"company": 2, "date": "2026-01-17", "invoice_amount": null, "paid_amount": null}}, {"model": "milk_agency.dailypayment", "pk": 49, "fields": {"company": 2, "date": "2026-01-18", "invoice_amount": null, "paid_amount": null}}, {"model": "milk_agency.dailypayment", "pk": 50, "fields": {"company": 2, "date": "2026-01-19", "invoice_amount": null, "paid_amount": null}}, {"model": "milk_agency.dailypayment", "pk": 51, "fields": {"company": 2, "date": "2026-01-20", "invoice_amount": null, "paid_amount": null}}, {"model": "milk_agency.dailypayment", "pk": 52, "fields": {"company": 2, "date": "2026-01-21", "invoice_amount": null, "paid_amount": null}}, {"model": "milk_agency.dailypayment", "pk": 53, "fields": {"company": 2, "date": "2026-01-22", "invoice_amount": null, "paid_amount": null}}, {"model": "milk_agency.dailypayment", "pk": 54, "fields": {"company": 2, "date": "2026-01-23", "invoice_amount": null, "paid_amount": null}}, {"model": "milk_agency.dailypayment", "pk": 55, "fields": {"company": 2, "date": "2026-01-24", "invoice_amount": null, "paid_amount": null}}, {"model": "milk_agency.dailypayment", "pk": 56, "fields": {"company": 2, "date": "2026-01-25", "invoice_amount": null, "paid_amount": null}}, {"model": "milk_agency.dailypayment", "pk": 57, "fields": {"company": 2, "date": "2026-01-26", "invoice_amount": null, "paid_amount": null}}, {"model": "milk_agency.dailypayment", "pk": 58, "fields": {"company": 2, "date": "2026-01-27", "invoice_amount": null, "paid_amount": null}}, {"model": "milk_agency.dailypayment", "pk": 59, "fields": {"company": 2, "date": "2026-01-28", "invoice_amount": null, "paid_amount": null}}, {"model": "milk_agency.dailypayment", "pk": 60, "fields": {"company": 2, "date": "2026-01-29", "invoice_amount": null, "paid_amount": null}}, {"model": "milk_agency.dailypayment", "pk": 61, "fields": {"company": 2, "date": "2026-01-30", "invoice_amount": null, "paid_amount": null}}, {"model": "milk_agency.dailypayment", "pk": 62, "fields": {"company": 2, "date": "2026-01-31", "invoice_amount": null, "paid_amount": null}}, {"model": "milk_agency.monthlypaymentsummary", "pk": 1, "fields": {"year": 2026, "month": 1, "total_invoice": "60365.78", "total_paid": "46795.20", "total_due": "13570.58"}}, {"model": "milk_agency.expense", "pk": 1, "fields": {"amount": "100.00", "category": "others", "description": "Vehicle Repair ", "date": "2026-01-02", "created_at": "2026-01-02T09:54:44.770Z"}}, {"model": "milk_agency.expense", "pk": 2, "fields": {"amount": "240.00", "category": "petrol", "description": "", "date": "2026-01-02", "created_at": "2026-01-02T17:09:17.672Z"}}, {"model": "milk_agency.expense", "pk": 3, "fields": {"amount": "800.00", "category": "others", "description": "vehicle expence\r\n", "date": "2026-01-03", "created_at": "2026-01-03T17:05:04.737Z"}}, {"model": "milk_agency.expense", "pk": 4, "fields": {"amount": "206.46", "category": "food", "description": "", "date": "2026-01-03", "created_at": "2026-01-03T17:13:16.800Z"}}, {"model": "milk_agency.expense", "pk": 5, "fields": {"amount": "500.00", "category": "others", "description": "Function ", "date": "2026-01-04", "created_at": "2026-01-04T16:13:51.836Z"}}, {"model": "auth.permission", "fields": {"name": "Can add log entry", "content_type": ["admin", "logentry"], "codename": "add_logentry"}}, {"model": "auth.permission", "fields": {"name": "Can change log entry", "content_type": ["admin", "logentry"], "codename": "change_logentry"}}, {"model": "auth.permission", "fields": {"name": "Can delete log entry", "content_type": ["admin", "logentry"], "codename": "delete_logentry"}}, {"model": "auth.permission", "fields": {"name": "Can view log entry", "content_type": ["admin", "logentry"], "codename": "view_logentry"}}, {"model": "auth.permission", "fields": {"name": "Can add permission", "content_type": ["auth", "permission"], "codename": "add_permission"}}, {"model": "auth.permission", "fields": {"name": "Can change permission", "content_type": ["auth", "permission"], "codename": "change_permission"}}, {"model": "auth.permission", "fields": {"name": "Can delete permission", "content_type": ["auth", "permission"], "codename": "delete_permission"}}, {"model": "auth.permission", "fields": {"name": "Can view permission", "content_type": ["auth", "permission"], "codename": "view_permission"}}, {"model": "auth.permission", "fields": {"name": "Can add group", "content_type": ["auth", "group"], "codename": "add_group"}}, {"model": "auth.permission", "fields": {"name": "Can change group", "content_type": ["auth", "group"], "codename": "change_group"}}, {"model": "auth.permission", "fields": {"name": "Can delete group", "content_type": ["auth", "group"], "codename": "delete_group"}}, {"model": "auth.permission", "fields": {"name": "Can view group", "content_type": ["auth", "group"], "codename": "view_group"}}, {"model": "auth.permission", "fields": {"name": "Can add content type", "content_type": ["contenttypes", "contenttype"], "codename": "add_contenttype"}}, {"model": "auth.permission", "fields": {"name": "Can change content type", "content_type": ["contenttypes", "contenttype"], "codename": "change_contenttype"}}, {"model": "auth.permission", "fields": {"name": "Can delete content type", "content_type": ["contenttypes", "contenttype"], "codename": "delete_contenttype"}}, {"model": "auth.permission", "fields": {"name": "Can view content type", "content_type": ["contenttypes", "contenttype"], "codename": "view_contenttype"}}, {"model": "auth.permission", "fields": {"name": "Can add session", "content_type": ["sessions", "session"], "codename": "add_session"}}, {"model": "auth.permission", "fields": {"name": "Can change session", "content_type": ["sessions", "session"], "codename": "change_session"}}, {"model": "auth.permission", "fields": {"name": "Can delete session", "content_type": ["sessions", "session"], "codename": "delete_session"}}, {"model": "auth.permission", "fields": {"name": "Can view session", "content_type": ["sessions", "session"], "codename": "view_session"}}, {"model": "auth.permission", "fields": {"name": "Can add category", "content_type": ["general_store", "category"], "codename": "add_category"}}, {"model": "auth.permission", "fields": {"name": "Can change category", "content_type": ["general_store", "category"], "codename": "change_category"}}, {"model": "auth.permission", "fields": {"name": "Can delete category", "content_type": ["general_store", "category"], "codename": "delete_category"}}, {"model": "auth.permission", "fields": {"name": "Can view category", "content_type": ["general_store", "category"], "codename": "view_category"}}, {"model": "auth.permission", "fields": {"name": "Can add product", "content_type": ["general_store", "product"], "codename": "add_product"}}, {"model": "auth.permission", "fields": {"name": "Can change product", "content_type": ["general_store", "product"], "codename": "change_product"}}, {"model": "auth.permission", "fields": {"name": "Can delete product", "content_type": ["general_store", "product"], "codename": "delete_product"}}, {"model": "auth.permission", "fields": {"name": "Can view product", "content_type": ["general_store", "product"], "codename": "view_product"}}, {"model": "auth.permission", "fields": {"name": "Can add customer", "content_type": ["general_store", "customer"], "codename": "add_customer"}}, {"model": "auth.permission", "fields": {"name": "Can change customer", "content_type": ["general_store", "customer"], "codename": "change_customer"}}, {"model": "auth.permission", "fields": {"name": "Can delete customer", "content_type": ["general_store", "customer"], "codename": "delete_customer"}}, {"model": "auth.permission", "fields": {"name": "Can view customer", "content_type": ["general_store", "customer"], "codename": "view_customer"}}, {"model": "auth.permission", "fields": {"name": "Can add sale", "content_type": ["general_store", "sale"], "codename": "add_sale"}}, {"model": "auth.permission", "fields": {"name": "Can change sale", "content_type": ["general_store", "sale"], "codename": "change_sale"}}, {"model": "auth.permission", "fields": {"name": "Can delete sale", "content_type": ["general_store", "sale"], "codename": "delete_sale"}}, {"model": "auth.permission", "fields": {"name": "Can view sale", "content_type": ["general_store", "sale"], "codename": "view_sale"}}, {"model": "auth.permission", "fields": {"name": "Can add sale item", "content_type": ["general_store", "saleitem"], "codename": "add_saleitem"}}, {"model": "auth.permission", "fields": {"name": "Can change sale item", "content_type": ["general_store", "saleitem"], "codename": "change_saleitem"}}, {"model": "auth.permission", "fields": {"name": "Can delete sale item", "content_type": ["general_store", "saleitem"], "codename": "delete_saleitem"}}, {"model": "auth.permission", "fields": {"name": "Can view sale item", "content_type": ["general_store", "saleitem"], "codename": "view_saleitem"}}, {"model": "auth.permission", "fields": {"name": "Can add bank balance", "content_type": ["general_store", "bankbalance"], "codename": "add_bankbalance"}}, {"model": "auth.permission", "fields": {"name": "Can change bank balance", "content_type": ["general_store", "bankbalance"], "codename": "change_bankbalance"}}, {"model": "auth.permission", "fields": {"name": "Can delete bank balance", "content_type": ["general_store", "bankbalance"], "codename": "delete_bankbalance"}}, {"model": "auth.permission", "fields": {"name": "Can view bank balance", "content_type": ["general_store", "bankbalance"], "codename": "view_bankbalance"}}, {"model": "auth.permission", "fields": {"name": "Can add cashbook entry", "content_type": ["general_store", "cashbookentry"], "codename": "add_cashbookentry"}}, {"model": "auth.permission", "fields": {"name": "Can change cashbook entry", "content_type": ["general_store", "cashbookentry"], "codename": "change_cashbookentry"}}, {"model": "auth.permission", "fields": {"name": "Can delete cashbook entry", "content_type": ["general_store", "cashbookentry"], "codename": "delete_cashbookentry"}}, {"model": "auth.permission", "fields": {"name": "Can view cashbook entry", "content_type": ["general_store", "cashbookentry"], "codename": "view_cashbookentry"}}, {"model": "auth.permission", "fields": {"name": "Can add investment", "content_type": ["general_store", "investment"], "codename": "add_investment"}}, {"model": "auth.permission", "fields": {"name": "Can change investment", "content_type": ["general_store", "investment"], "codename": "change_investment"}}, {"model": "auth.permission", "fields": {"name": "Can delete investment", "content_type": ["general_store", "investment"], "codename": "delete_investment"}}, {"model": "auth.permission", "fields": {"name": "Can view investment", "content_type": ["general_store", "investment"], "codename": "view_investment"}}, {"model": "auth.permission", "fields": {"name": "Can add expense", "content_type": ["general_store", "expense"], "codename": "add_expense"}}, {"model": "auth.permission", "fields": {"name": "Can change expense", "content_type": ["general_store", "expense"], "codename": "change_expense"}}, {"model": "auth.permission", "fields": {"name": "Can delete expense", "content_type": ["general_store", "expense"], "codename": "delete_expense"}}, {"model": "auth.permission", "fields": {"name": "Can view expense", "content_type": ["general_store", "expense"], "codename": "view_expense"}}, {"model": "auth.permission", "fields": {"name": "Can add customer", "content_type": ["milk_agency", "customer"], "codename": "add_customer"}}, {"model": "auth.permission", "fields": {"name": "Can change customer", "content_type": ["milk_agency", "customer"], "codename": "change_customer"}}, {"model": "auth.permission", "fields": {"name": "Can delete customer", "content_type": ["milk_agency", "customer"], "codename": "delete_customer"}}, {"model": "auth.permission", "fields": {"name": "Can view customer", "content_type": ["milk_agency", "customer"], "codename": "view_customer"}}, {"model": "auth.permission", "fields": {"name": "Can add company", "content_type": ["milk_agency", "company"], "codename": "add_company"}}, {"model": "auth.permission", "fields": {"name": "Can change company", "content_type": ["milk_agency", "company"], "codename": "change_company"}}, {"model": "auth.permission", "fields": {"name": "Can delete company", "content_type": ["milk_agency", "company"], "codename": "delete_company"}}, {"model": "auth.permission", "fields": {"name": "Can view company", "content_type": ["milk_agency", "company"], "codename": "view_company"}}, {"model": "auth.permission", "fields": {"name": "Can add item", "content_type": ["milk_agency", "item"], "codename": "add_item"}}, {"model": "auth.permission", "fields": {"name": "Can change item", "content_type": ["milk_agency", "item"], "codename": "change_item"}}, {"model": "auth.permission", "fields": {"name": "Can delete item", "content_type": ["milk_agency", "item"], "codename": "delete_item"}}, {"model": "auth.permission", "fields": {"name": "Can view item", "content_type": ["milk_agency", "item"], "codename": "view_item"}}, {"model": "auth.permission", "fields": {"name": "Can add bill", "content_type": ["milk_agency", "bill"], "codename": "add_bill"}}, {"model": "auth.permission", "fields": {"name": "Can change bill", "content_type": ["milk_agency", "bill"], "codename": "change_bill"}}, {"model": "auth.permission", "fields": {"name": "Can delete bill", "content_type": ["milk_agency", "bill"], "codename": "delete_bill"}}, {"model": "auth.permission", "fields": {"name": "Can view bill", "content_type": ["milk_agency", "bill"], "codename": "view_bill"}}, {"model": "auth.permission", "fields": {"name": "Can add bill item", "content_type": ["milk_agency", "billitem"], "codename": "add_billitem"}}, {"model": "auth.permission", "fields": {"name": "Can change bill item", "content_type": ["milk_agency", "billitem"], "codename": "change_billitem"}}, {"model": "auth.permission", "fields": {"name": "Can delete bill item", "content_type": ["milk_agency", "billitem"], "codename": "delete_billitem"}}, {"model": "auth.permission", "fields": {"name": "Can view bill item", "content_type": ["milk_agency", "billitem"], "codename": "view_billitem"}}, {"model": "auth.permission", "fields": {"name": "Can add bank balance", "content_type": ["milk_agency", "bankbalance"], "codename": "add_bankbalance"}}, {"model": "auth.permission", "fields": {"name": "Can change bank balance", "content_type": ["milk_agency", "bankbalance"], "codename": "change_bankbalance"}}, {"model": "auth.permission", "fields": {"name": "Can delete bank balance", "content_type": ["milk_agency", "bankbalance"], "codename": "delete_bankbalance"}}, {"model": "auth.permission", "fields": {"name": "Can view bank balance", "content_type": ["milk_agency", "bankbalance"], "codename": "view_bankbalance"}}, {"model": "auth.permission", "fields": {"name": "Can add cashbook entry", "content_type": ["milk_agency", "cashbookentry"], "codename": "add_cashbookentry"}}, {"model": "auth.permission", "fields": {"name": "Can change cashbook entry", "content_type": ["milk_agency", "cashbookentry"], "codename": "change_cashbookentry"}}, {"model": "auth.permission", "fields": {"name": "Can delete cashbook entry", "content_type": ["milk_agency", "cashbookentry"], "codename": "delete_cashbookentry"}}, {"model": "auth.permission", "fields": {"name": "Can view cashbook entry", "content_type": ["milk_agency", "cashbookentry"], "codename": "view_cashbookentry"}}, {"model": "auth.permission", "fields": {"name": "Can add daily payment", "content_type": ["milk_agency", "dailypayment"], "codename": "add_dailypayment"}}, {"model": "auth.permission", "fields": {"name": "Can change daily payment", "content_type": ["milk_agency", "dailypayment"], "codename": "change_dailypayment"}}, {"model": "auth.permission", "fields": {"name": "Can delete daily payment", "content_type": ["milk_agency", "dailypayment"], "codename": "delete_dailypayment"}}, {"model": "auth.permission", "fields": {"name": "Can view daily payment", "content_type": ["milk_agency", "dailypayment"], "codename": "view_dailypayment"}}, {"model": "auth.permission", "fields": {"name": "Can add monthly payment summary", "content_type": ["milk_agency", "monthlypaymentsummary"], "codename": "add_monthlypaymentsummary"}}, {"model": "auth.permission", "fields": {"name": "Can change monthly payment summary", "content_type": ["milk_agency", "monthlypaymentsummary"], "codename": "change_monthlypaymentsummary"}}, {"model": "auth.permission", "fields": {"name": "Can delete monthly payment summary", "content_type": ["milk_agency", "monthlypaymentsummary"], "codename": "delete_monthlypaymentsummary"}}, {"model": "auth.permission", "fields": {"name": "Can view monthly payment summary", "content_type": ["milk_agency", "monthlypaymentsummary"], "codename": "view_monthlypaymentsummary"}}, {"model": "auth.permission", "fields": {"name": "Can add daily sales summary", "content_type": ["milk_agency", "dailysalessummary"], "codename": "add_dailysalessummary"}}, {"model": "auth.permission", "fields": {"name": "Can change daily sales summary", "content_type": ["milk_agency", "dailysalessummary"], "codename": "change_dailysalessummary"}}, {"model": "auth.permission", "fields": {"name": "Can delete daily sales summary", "content_type": ["milk_agency", "dailysalessummary"], "codename": "delete_dailysalessummary"}}, {"model": "auth.permission", "fields": {"name": "Can view daily sales summary", "content_type": ["milk_agency", "dailysalessummary"], "codename": "view_dailysalessummary"}}, {"model": "auth.permission", "fields": {"name": "Can add customer monthly commission", "content_type": ["milk_agency", "customermonthlycommission"], "codename": "add_customermonthlycommission"}}, {"model": "auth.permission", "fields": {"name": "Can change customer monthly commission", "content_type": ["milk_agency", "customermonthlycommission"], "codename": "change_customermonthlycommission"}}, {"model": "auth.permission", "fields": {"name": "Can delete customer monthly commission", "content_type": ["milk_agency", "customermonthlycommission"], "codename": "delete_customermonthlycommission"}}, {"model": "auth.permission", "fields": {"name": "Can view customer monthly commission", "content_type": ["milk_agency", "customermonthlycommission"], "codename": "view_customermonthlycommission"}}, {"model": "auth.permission", "fields": {"name": "Can add expense", "content_type": ["milk_agency", "expense"], "codename": "add_expense"}}, {"model": "auth.permission", "fields": {"name": "Can change expense", "content_type": ["milk_agency", "expense"], "codename": "change_expense"}}, {"model": "auth.permission", "fields": {"name": "Can delete expense", "content_type": ["milk_agency", "expense"], "codename": "delete_expense"}}, {"model": "auth.permission", "fields": {"name": "Can view expense", "content_type": ["milk_agency", "expense"], "codename": "view_expense"}}, {"model": "auth.permission", "fields": {"name": "Can add contact", "content_type": ["milk_agency", "contact"], "codename": "add_contact"}}, {"model": "auth.permission", "fields": {"name": "Can change contact", "content_type": ["milk_agency", "contact"], "codename": "change_contact"}}, {"model": "auth.permission", "fields": {"name": "Can delete contact", "content_type": ["milk_agency", "contact"], "codename": "delete_contact"}}, {"model": "auth.permission", "fields": {"name": "Can view contact", "content_type": ["milk_agency", "contact"], "codename": "view_contact"}}, {"model": "auth.permission", "fields": {"name": "Can add customer payment", "content_type": ["milk_agency", "customerpayment"], "codename": "add_customerpayment"}}, {"model": "auth.permission", "fields": {"name": "Can change customer payment", "content_type": ["milk_agency", "customerpayment"], "codename": "change_customerpayment"}}, {"model": "auth.permission", "fields": {"name": "Can delete customer payment", "content_type": ["milk_agency", "customerpayment"], "codename": "delete_customerpayment"}}, {"model": "auth.permission", "fields": {"name": "Can view customer payment", "content_type": ["milk_agency", "customerpayment"], "codename": "view_customerpayment"}}, {"model": "auth.permission", "fields": {"name": "Can add Customer Order", "content_type": ["customer_portal", "customerorder"], "codename": "add_customerorder"}}, {"model": "auth.permission", "fields": {"name": "Can change Customer Order", "content_type": ["customer_portal", "customerorder"], "codename": "change_customerorder"}}, {"model": "auth.permission", "fields": {"name": "Can delete Customer Order", "content_type": ["customer_portal", "customerorder"], "codename": "delete_customerorder"}}, {"model": "auth.permission", "fields": {"name": "Can view Customer Order", "content_type": ["customer_portal", "customerorder"], "codename": "view_customerorder"}}, {"model": "auth.permission", "fields": {"name": "Can add Order Item", "content_type": ["customer_portal", "customerorderitem"], "codename": "add_customerorderitem"}}, {"model": "auth.permission", "fields": {"name": "Can change Order Item", "content_type": ["customer_portal", "customerorderitem"], "codename": "change_customerorderitem"}}, {"model": "auth.permission", "fields": {"name": "Can delete Order Item", "content_type": ["customer_portal", "customerorderitem"], "codename": "delete_customerorderitem"}}, {"model": "auth.permission", "fields": {"name": "Can view Order Item", "content_type": ["customer_portal", "customerorderitem"], "codename": "view_customerorderitem"}}, {"model": "auth.permission", "fields": {"name": "Can add Token", "content_type": ["authtoken", "token"], "codename": "add_token"}}, {"model": "auth.permission", "fields": {"name": "Can change Token", "content_type": ["authtoken", "token"], "codename": "change_token"}}, {"model": "auth.permission", "fields": {"name": "Can delete Token", "content_type": ["authtoken", "token"], "codename": "delete_token"}}, {"model": "auth.permission", "fields": {"name": "Can view Token", "content_type": ["authtoken", "token"], "codename": "view_token"}}, {"model": "auth.permission", "fields": {"name": "Can add Token", "content_type": ["authtoken", "tokenproxy"], "codename": "add_tokenproxy"}}, {"model": "auth.permission", "fields": {"name": "Can change Token", "content_type": ["authtoken", "tokenproxy"], "codename": "change_tokenproxy"}}, {"model": "auth.permission", "fields": {"name": "Can delete Token", "content_type": ["authtoken", "tokenproxy"], "codename": "delete_tokenproxy"}}, {"model": "auth.permission", "fields": {"name": "Can view Token", "content_type": ["authtoken", "tokenproxy"], "codename": "view_tokenproxy"}}, {"model": "milk_agency.customer", "fields": {"password": "pbkdf2_sha256$1000000$JRu3EupbcgbpkOEh1ij9Il$MMx7nt+oJnnJJx1Mv+UpZ0nf2RxC23Ezn0MV4L/VETo=", "is_superuser": true, "phone": "9392890375", "name": "Admin", "shop_name": "", "retailer_id": "", "flat_number": "", "area": "", "pin_code": "", "city": "", "state": "", "due": "0.00", "is_commissioned": false, "is_delivery": false, "frozen": false, "last_login": "2026-01-05T17:14:50.045Z", "is_active": true, "is_staff": true, "groups": [], "user_permissions": []}}, {"model": "milk_agency.customer", "fields": {"password": "pbkdf2_sha256$1000000$bXgHCK4iEa0ZKRXtNyuu3n$Mlp3imp1eRmvu1FpU5FftUFhuc33J4uK0ZdoxQ38E+g=", "is_superuser": false, "phone": "8886307827", "name": "N Satyavathi", "shop_name": "Sri Vijaya Durga Generals & Cool Drinks", "retailer_id": "SVD-GGL-002", "flat_number": "10-92", "area": "Gundugolanu", "pin_code": "534427", "city": "GGL", "state": "AP", "due": "0.50", "is_commissioned": false, "is_delivery": false, "frozen": false, "last_login": "2026-01-05T16:54:55.110Z", "is_active": true, "is_staff": false, "groups": [], "user_permissions": []}}, {"model": "milk_agency.customer", "fields": {"password": "pbkdf2_sha256$1000000$qhKj1zIdUpCYd6EIIwMF2t$GsLjCiJlald2ah+xJMIJwRC1NMid3jqRg9bu54mK9NQ=", "is_superuser": false, "phone": "9951696363", "name": "Ramesh", "shop_name": "Delivery", "retailer_id": "SVD-GGL-003", "flat_number": "10-2", "area": "Gundugolanu", "pin_code": "534427", "city": "GGL", "state": "AP", "due": "12693.50", "is_commissioned": false, "is_delivery": false, "frozen": false, "last_login": null, "is_active": true, "is_staff": false, "groups": [], "user_permissions": []}}, {"model": "milk_agency.customer", "fields": {"password": "9491920666", "is_superuser": false, "phone": "9491920666", "name": "K Pratap Chand", "shop_name": "Friends Tea And Cook Drinks", "retailer_id": "SVD-GGL-004", "flat_number": "03", "area": "Gundugolanu", "pin_code": "534427", "city": "GGL", "state": "AP", "due": "2001.00", "is_commissioned": false, "is_delivery": false, "frozen": false, "last_login": null, "is_active": true, "is_staff": false, "groups": [], "user_permissions": []}}, {"model": "milk_agency.customer", "fields": {"password": "9014668919", "is_superuser": false, "phone": "9014668919", "name": "A Sivayya", "shop_name": "Sri Vijaya Lakshmi Generals", "retailer_id": "SVD-GGL-005", "flat_number": "4", "area": "Pothunuru", "pin_code": "534427", "city": "GGL", "state": "AP", "due": "1667.00", "is_commissioned": false, "is_delivery": false, "frozen": false, "last_login": null, "is_active": true, "is_staff": false, "groups": [], "user_permissions": []}}, {"model": "milk_agency.bill", "pk": 1, "fields": {"customer": ["9951696363"], "invoice_number": "INV-20260101083328", "invoice_date": "2026-01-01", "total_amount": "500.00", "op_due_amount": "0.00", "last_paid": "0.00", "profit": "60.00", "commission_deducted": "0.00", "commission_month": null, "commission_year": null, "created_at": "2026-01-01T08:33:28.437Z"}}, {"model": "milk_agency.bill", "pk": 2, "fields": {"customer": ["9491920666"], "invoice_number": "INV-20260101143721", "invoice_date": "2026-01-01", "total_amount": "1522.00", "op_due_amount": "0.00", "last_paid": "1522.00", "profit": "24.96", "commission_deducted": "0.00", "commission_month": null, "commission_year": null, "created_at": "2026-01-01T14:37:21.162Z"}}, {"model": "milk_agency.bill", "pk": 3, "fields": {"customer": ["9951696363"], "invoice_number": "INV-20260101144110", "invoice_date": "2026-01-01", "total_amount": "5808.50", "op_due_amount": "-3900.00", "last_paid": "4400.00", "profit": "417.58", "commission_deducted": "0.00", "commission_month": null, "commission_year": null, "created_at": "2026-01-01T14:41:10.059Z"}}, {"model": "milk_agency.bill", "pk": 4, "fields": {"customer": ["8886307827"], "invoice_number": "INV-20260101155421", "invoice_date": "2026-01-01", "total_amount": "608.00", "op_due_amount": "0.00", "last_paid": "600.00", "profit": "29.74", "commission_deducted": "0.00", "commission_month": null, "commission_year": null, "created_at": "2026-01-01T15:54:21.834Z"}}, {"model": "milk_agency.bill", "pk": 5, "fields": {"customer": ["9951696363"], "invoice_number": "INV-20260102083623", "invoice_date": "2026-01-02", "total_amount": "4764.00", "op_due_amount": "1908.50", "last_paid": "2937.50", "profit": "425.36", "commission_deducted": "0.00", "commission_month": null, "commission_year": null, "created_at": "2026-01-02T08:36:23.150Z"}}, {"model": "milk_agency.bill", "pk": 7, "fields": {"customer": ["9491920666"], "invoice_number": "INV-20260102102203", "invoice_date": "2026-01-02", "total_amount": "1950.00", "op_due_amount": "0.00", "last_paid": "1950.00", "profit": "69.06", "commission_deducted": "0.00", "commission_month": null, "commission_year": null, "created_at": "2026-01-02T10:22:03.306Z"}}, {"model": "milk_agency.bill", "pk": 8, "fields": {"customer": ["9951696363"], "invoice_number": "INV-20260102152211", "invoice_date": "2026-01-02", "total_amount": "8259.50", "op_due_amount": "3735.00", "last_paid": "8117.00", "profit": "555.30", "commission_deducted": "0.00", "commission_month": null, "commission_year": null, "created_at": "2026-01-02T15:22:11.005Z"}}, {"model": "milk_agency.bill", "pk": 9, "fields": {"customer": ["9014668919"], "invoice_number": "INV-20260102165821", "invoice_date": "2026-01-02", "total_amount": "378.00", "op_due_amount": "0.00", "last_paid": "0.00", "profit": "17.08", "commission_deducted": "0.00", "commission_month": null, "commission_year": null, "created_at": "2026-01-02T16:58:21.391Z"}}, {"model": "milk_agency.bill", "pk": 10, "fields": {"customer": ["8886307827"], "invoice_number": "INV-20260102170708", "invoice_date": "2026-01-02", "total_amount": "1273.00", "op_due_amount": "8.00", "last_paid": "1280.00", "profit": "75.98", "commission_deducted": "0.00", "commission_month": null, "commission_year": null, "created_at": "2026-01-02T17:07:08.660Z"}}, {"model": "milk_agency.bill", "pk": 11, "fields": {"customer": ["9951696363"], "invoice_number": "INV-20260103105044", "invoice_date": "2026-01-03", "total_amount": "1626.00", "op_due_amount": "3877.50", "last_paid": "0.00", "profit": "113.90", "commission_deducted": "0.00", "commission_month": null, "commission_year": null, "created_at": "2026-01-03T10:50:44.621Z"}}, {"model": "milk_agency.bill", "pk": 12, "fields": {"customer": ["9014668919"], "invoice_number": "INV-20260103105257", "invoice_date": "2026-01-03", "total_amount": "467.00", "op_due_amount": "378.00", "last_paid": "500.00", "profit": "31.12", "commission_deducted": "0.00", "commission_month": null, "commission_year": null, "created_at": "2026-01-03T10:52:57.032Z"}}, {"model": "milk_agency.bill", "pk": 13, "fields": {"customer": ["9014668919"], "invoice_number": "INV-20260103121631", "invoice_date": "2026-01-03", "total_amount": "2364.00", "op_due_amount": "345.00", "last_paid": "2710.00", "profit": "125.56", "commission_deducted": "0.00", "commission_month": null, "commission_year": null, "created_at": "2026-01-03T12:16:31.044Z"}}, {"model": "milk_agency.bill", "pk": 14, "fields": {"customer": ["9491920666"], "invoice_number": "INV-20260103140612", "invoice_date": "2026-01-03", "total_amount": "1950.00", "op_due_amount": "0.00", "last_paid": "1950.00", "profit": "69.06", "commission_deducted": "0.00", "commission_month": null, "commission_year": null, "created_at": "2026-01-03T14:06:12.979Z"}}, {"model": "milk_agency.bill", "pk": 15, "fields": {"customer": ["9951696363"], "invoice_number": "INV-20260103141630", "invoice_date": "2026-01-03", "total_amount": "8549.50", "op_due_amount": "5503.50", "last_paid": "11493.00", "profit": "566.32", "commission_deducted": "0.00", "commission_month": null, "commission_year": null, "created_at": "2026-01-03T14:16:30.458Z"}}, {"model": "milk_agency.bill", "pk": 16, "fields": {"customer": ["8886307827"], "invoice_number": "INV-20260103160947", "invoice_date": "2026-01-03", "total_amount": "867.50", "op_due_amount": "-849.00", "last_paid": "500.00", "profit": "65.83", "commission_deducted": "0.00", "commission_month": null, "commission_year": null, "created_at": "2026-01-03T16:09:47.270Z"}}, {"model": "milk_agency.bill", "pk": 17, "fields": {"customer": ["9951696363"], "invoice_number": "INV-20260104075026", "invoice_date": "2026-01-04", "total_amount": "5722.00", "op_due_amount": "-2973.50", "last_paid": "0.00", "profit": "505.28", "commission_deducted": "0.00", "commission_month": null, "commission_year": null, "created_at": "2026-01-04T07:50:26.968Z"}}, {"model": "milk_agency.bill", "pk": 18, "fields": {"customer": ["9491920666"], "invoice_number": "INV-20260104131014", "invoice_date": "2026-01-04", "total_amount": "1950.00", "op_due_amount": "0.00", "last_paid": "1900.00", "profit": "69.06", "commission_deducted": "0.00", "commission_month": null, "commission_year": null, "created_at": "2026-01-04T13:10:14.978Z"}}, {"model": "milk_agency.bill", "pk": 19, "fields": {"customer": ["9951696363"], "invoice_number": "INV-20260104131400", "invoice_date": "2026-01-04", "total_amount": "7766.50", "op_due_amount": "1358.00", "last_paid": "13300.00", "profit": "587.72", "commission_deducted": "0.00", "commission_month": null, "commission_year": null, "created_at": "2026-01-04T13:14:00.364Z"}}, {"model": "milk_agency.bill", "pk": 20, "fields": {"customer": ["8886307827"], "invoice_number": "INV-20260104151027", "invoice_date": "2026-01-04", "total_amount": "1812.00", "op_due_amount": "368.50", "last_paid": "2180.00", "profit": "103.00", "commission_deducted": "0.00", "commission_month": null, "commission_year": null, "created_at": "2026-01-04T15:10:27.458Z"}}, {"model": "milk_agency.bill", "pk": 21, "fields": {"customer": ["9491920666"], "invoice_number": "INV-20260105011614", "invoice_date": "2026-01-05", "total_amount": "204.00", "op_due_amount": "50.00", "last_paid": "200.00", "profit": "27.60", "commission_deducted": "0.00", "commission_month": null, "commission_year": null, "created_at": "2026-01-05T01:16:14.511Z"}}, {"model": "milk_agency.bill", "pk": 22, "fields": {"customer": ["9014668919"], "invoice_number": "INV-20260105112102", "invoice_date": "2026-01-05", "total_amount": "1668.00", "op_due_amount": "-1.00", "last_paid": "0.00", "profit": "107.56", "commission_deducted": "0.00", "commission_month": null, "commission_year": null, "created_at": "2026-01-05T11:21:02.759Z"}}, {"model": "milk_agency.bill", "pk": 23, "fields": {"customer": ["9951696363"], "invoice_number": "INV-20260105115612", "invoice_date": "2026-01-05", "total_amount": "1587.00", "op_due_amount": "2748.50", "last_paid": "0.00", "profit": "126.85", "commission_deducted": "0.00", "commission_month": null, "commission_year": null, "created_at": "2026-01-05T11:56:12.181Z"}}, {"model": "milk_agency.bill", "pk": 24, "fields": {"customer": ["9491920666"], "invoice_number": "INV-20260105115936", "invoice_date": "2026-01-05", "total_amount": "1947.00", "op_due_amount": "54.00", "last_paid": "0.00", "profit": "66.26", "commission_deducted": "0.00", "commission_month": null, "commission_year": null, "created_at": "2026-01-05T11:59:36.764Z"}}, {"model": "milk_agency.bill", "pk": 25, "fields": {"customer": ["9951696363"], "invoice_number": "INV-20260105161839", "invoice_date": "2026-01-05", "total_amount": "8358.00", "op_due_amount": "4335.50", "last_paid": "0.00", "profit": "597.86", "commission_deducted": "0.00", "commission_month": null, "commission_year": null, "created_at": "2026-01-05T16:18:39.211Z"}}, {"model": "authtoken.token", "pk": "97e28dfd5b17f083c942396ea26978d098297a81", "fields": {"user": ["9951696363"], "created": "2026-01-01T10:33:26.071Z"}}, {"model": "authtoken.token", "pk": "de0aead567df3d857928baba59101741775369f3", "fields": {"user": ["8886307827"], "created": "2026-01-01T04:03:46.761Z"}}, {"model": "authtoken.token", "pk": "f2992c593b18dfddf0fd33dd86b9248ca87f9051", "fields": {"user": ["9392890375"], "created": "2026-01-02T06:33:58.759Z"}}]